job_id,type_id,Ni
1,1,0.34
2,1,0.34
3,1,0.34
4,1,0.34
5,1,0.34
6,1,0.34
7,1,0.34
8,1,0.34
9,1,0.34
10,1,0.34
11,1,0.34
12,1,0.34
13,1,0.34
14,1,0.34
15,1,0.34
16,1,0.34
17,1,0.34
18,1,0.34
19,1,0.34
20,1,0.34
21,1,0.34
22,1,0.34
23,1,0.34
24,1,0.34
25,1,0.34
26,1,0.34
27,1,0.34
28,1,0.34
29,1,0.34
30,1,0.34
31,1,0.34
32,1,0.34
33,1,0.34
34,1,0.34
35,1,0.34
36,1,0.34
37,1,0.34
38,1,0.34
39,1,0.34
40,1,0.34
41,1,0.34
42,1,0.34
43,1,0.34
44,1,0.34
45,1,0.34
46,1,0.34
47,1,0.34
48,1,0.34
49,1,0.34
50,1,0.34
51,1,0.34
52,1,0.34
53,1,0.34
54,1,0.34
55,1,0.34
56,1,0.34
57,1,0.34
58,1,0.34
59,1,0.34
60,1,0.34
61,1,0.34
62,1,0.34
63,1,0.34
64,1,0.34
65,1,0.34
66,1,0.34
67,1,0.34
68,1,0.34
69,1,0.34
70,1,0.34
71,1,0.34
72,1,0.34
73,1,0.34
74,1,0.34
75,1,0.34
76,1,0.34
77,1,0.34
78,1,0.34
79,1,0.34
80,1,0.34
81,1,0.34
82,1,0.34
83,1,0.34
84,1,0.34
85,1,0.34
86,1,0.34
87,1,0.34
88,1,0.34
89,1,0.34
90,1,0.34
91,1,0.34
92,1,0.34
93,1,0.34
94,1,0.34
95,1,0.34
96,1,0.34
97,1,0.34
98,1,0.34
99,1,0.34
100,1,0.34
101,1,0.34
102,1,0.34
103,1,0.34
104,1,0.34
105,1,0.34
106,1,0.34
107,1,0.34
108,1,0.34
109,1,0.34
110,1,0.34
111,1,0.34
112,1,0.34
113,1,0.34
114,1,0.34
115,1,0.34
116,1,0.34
117,1,0.34
118,1,0.34
119,1,0.34
120,1,0.34
121,1,0.34
122,1,0.34
123,1,0.34
124,1,0.34
125,1,0.34
126,1,0.34
127,1,0.34
128,1,0.34
129,1,0.34
130,1,0.34
131,1,0.34
132,1,0.34
133,1,0.34
134,1,0.34
135,1,0.34
136,1,0.34
137,1,0.34
138,1,0.34
139,1,0.34
140,1,0.34
141,1,0.34
142,1,0.34
143,1,0.34
144,1,0.34
145,1,0.34
146,1,0.34
147,1,0.34
148,1,0.34
149,1,0.34
150,1,0.34
151,1,0.34
152,1,0.34
153,1,0.34
154,1,0.34
155,1,0.34
156,1,0.34
157,1,0.34
158,1,0.34
159,1,0.34
160,1,0.34
161,1,0.34
162,1,0.34
163,1,0.34
164,1,0.34
165,1,0.34
166,1,0.34
167,1,0.34
168,1,0.34
169,1,0.34
170,1,0.34
171,1,0.34
172,1,0.34
173,1,0.34
174,1,0.34
175,1,0.34
176,1,0.34
177,1,0.34
178,1,0.34
179,1,0.34
180,1,0.34
181,1,0.34
182,1,0.34
183,1,0.34
184,1,0.34
185,1,0.34
186,1,0.34
187,1,0.34
188,1,0.34
189,1,0.34
190,1,0.34
191,1,0.34
192,1,0.34
193,1,0.34
194,1,0.34
195,1,0.34
196,1,0.34
197,1,0.34
198,1,0.34
199,1,0.34
200,1,0.34
201,1,0.34
202,1,0.34
203,1,0.34
204,1,0.34
205,1,0.34
206,1,0.34
207,1,0.34
208,1,0.34
209,1,0.34
210,1,0.34
211,1,0.34
212,1,0.34
213,1,0.34
214,1,0.34
215,1,0.34
216,1,0.34
217,1,0.34
218,1,0.34
219,1,0.34
220,1,0.34
221,1,0.34
222,1,0.34
223,1,0.34
224,1,0.34
225,1,0.34
226,1,0.34
227,1,0.34
228,1,0.34
229,1,0.34
230,1,0.34
231,1,0.34
232,1,0.34
233,1,0.34
234,1,0.34
235,1,0.34
236,1,0.34
237,1,0.34
238,1,0.34
239,1,0.34
240,1,0.34
241,1,0.34
242,1,0.34
243,1,0.34
244,1,0.34
245,1,0.34
246,1,0.34
247,1,0.34
248,1,0.34
249,1,0.34
250,1,0.34
251,1,0.34
252,1,0.34
253,1,0.34
254,1,0.34
255,1,0.34
256,1,0.34
257,1,0.34
258,1,0.34
259,1,0.34
260,1,0.34
261,1,0.34
262,1,0.34
263,1,0.34
264,1,0.34
265,1,0.34
266,1,0.34
267,1,0.34
268,1,0.34
269,1,0.34
270,1,0.34
271,1,0.34
272,1,0.34
273,1,0.34
274,1,0.34
275,1,0.34
276,1,0.34
277,1,0.34
278,1,0.34
279,1,0.34
280,1,0.34
281,1,0.34
282,1,0.34
283,1,0.34
284,1,0.34
285,1,0.34
286,1,0.34
287,1,0.34
288,1,0.34
289,1,0.34
290,1,0.34
291,1,0.34
292,1,0.34
293,1,0.34
294,1,0.34
295,1,0.34
296,1,0.34
297,1,0.34
298,1,0.34
299,1,0.34
300,1,0.34
301,1,0.34
302,2,0.66
303,2,0.66
304,2,0.66
305,2,0.66
306,2,0.66
307,2,0.66
308,2,0.66
309,2,0.66
310,2,0.66
311,2,0.66
312,2,0.66
313,2,0.66
314,2,0.66
315,2,0.66
316,2,0.66
317,2,0.66
318,2,0.66
319,2,0.66
320,2,0.66
321,2,0.66
322,2,0.66
323,2,0.66
324,2,0.66
325,2,0.66
326,2,0.66
327,2,0.66
328,2,0.66
329,2,0.66
330,2,0.66
331,2,0.66
332,2,0.66
333,2,0.66
334,2,0.66
335,2,0.66
336,2,0.66
337,2,0.66
338,2,0.66
339,2,0.66
340,2,0.66
341,2,0.66
342,2,0.66
343,2,0.66
344,2,0.66
345,2,0.66
346,2,0.66
347,2,0.66
348,2,0.66
349,2,0.66
350,2,0.66
351,2,0.66
352,2,0.66
353,2,0.66
354,2,0.66
355,2,0.66
356,2,0.66
357,2,0.66
358,2,0.66
359,2,0.66
360,2,0.66
361,2,0.66
362,2,0.66
363,2,0.66
364,2,0.66
365,2,0.66
366,2,0.66
367,2,0.66
368,2,0.66
369,2,0.66
370,2,0.66
371,2,0.66
372,2,0.66
373,2,0.66
374,2,0.66
375,2,0.66
376,2,0.66
377,2,0.66
378,2,0.66
379,2,0.66
380,2,0.66
381,2,0.66
382,2,0.66
383,2,0.66
384,2,0.66
385,2,0.66
386,2,0.66
387,2,0.66
388,2,0.66
389,2,0.66
390,2,0.66
391,2,0.66
392,2,0.66
393,2,0.66
394,2,0.66
395,2,0.66
396,2,0.66
397,2,0.66
398,2,0.66
399,2,0.66
400,2,0.66
401,2,0.66
402,2,0.66
403,2,0.66
404,2,0.66
405,2,0.66
406,2,0.66
407,2,0.66
408,2,0.66
409,2,0.66
410,2,0.66
411,2,0.66
412,2,0.66
413,2,0.66
414,2,0.66
415,2,0.66
416,2,0.66
417,2,0.66
418,2,0.66
419,2,0.66
420,2,0.66
421,2,0.66
422,2,0.66
423,2,0.66
424,2,0.66
425,2,0.66
426,2,0.66
427,2,0.66
428,2,0.66
429,2,0.66
430,2,0.66
431,2,0.66
432,2,0.66
433,2,0.66
434,2,0.66
435,2,0.66
436,2,0.66
437,2,0.66
438,2,0.66
439,2,0.66
440,2,0.66
441,2,0.66
442,2,0.66
443,2,0.66
444,2,0.66
445,2,0.66
446,2,0.66
447,2,0.66
448,2,0.66
449,2,0.66
450,2,0.66
451,2,0.66
452,2,0.66
453,2,0.66
454,2,0.66
455,2,0.66
456,2,0.66
457,2,0.66
458,2,0.66
459,2,0.66
460,2,0.66
461,2,0.66
462,2,0.66
463,2,0.66
464,2,0.66
465,2,0.66
466,2,0.66
467,2,0.66
468,2,0.66
469,2,0.66
470,2,0.66
471,2,0.66
472,2,0.66
473,2,0.66
474,2,0.66
475,2,0.66
476,2,0.66
477,2,0.66
478,2,0.66
479,2,0.66
480,2,0.66
481,2,0.66
482,2,0.66
483,2,0.66
484,2,0.66
485,2,0.66
486,2,0.66
487,2,0.66
488,2,0.66
489,2,0.66
490,2,0.66
491,2,0.66
492,2,0.66
493,2,0.66
494,2,0.66
495,2,0.66
496,2,0.66
497,2,0.66
498,2,0.66
499,2,0.66
500,2,0.66
501,2,0.66
502,2,0.66
503,2,0.66
504,2,0.66
505,2,0.66
506,2,0.66
507,2,0.66
508,2,0.66
509,2,0.66
510,2,0.66
511,2,0.66
512,2,0.66
513,2,0.66
514,2,0.66
515,2,0.66
516,2,0.66
517,2,0.66
518,2,0.66
519,2,0.66
520,2,0.66
521,2,0.66
522,2,0.66
523,2,0.66
524,2,0.66
525,2,0.66
526,2,0.66
527,2,0.66
528,2,0.66
529,2,0.66
530,2,0.66
531,2,0.66
532,2,0.66
533,2,0.66
534,2,0.66
535,2,0.66
536,2,0.66
537,2,0.66
538,2,0.66
539,2,0.66
540,2,0.66
541,2,0.66
542,2,0.66
543,2,0.66
544,2,0.66
545,2,0.66
546,2,0.66
547,2,0.66
548,2,0.66
549,2,0.66
550,2,0.66
551,2,0.66
552,2,0.66
553,2,0.66
554,2,0.66
555,2,0.66
556,2,0.66
557,2,0.66
558,2,0.66
559,2,0.66
560,2,0.66
561,2,0.66
562,2,0.66
563,2,0.66
564,2,0.66
565,2,0.66
566,2,0.66
567,2,0.66
568,2,0.66
569,2,0.66
570,2,0.66
571,2,0.66
572,2,0.66
573,2,0.66
574,2,0.66
575,2,0.66
576,2,0.66
577,2,0.66
578,2,0.66
579,2,0.66
580,2,0.66
581,2,0.66
582,2,0.66
583,2,0.66
584,2,0.66
585,2,0.66
586,2,0.66
587,2,0.66
588,2,0.66
589,2,0.66
590,2,0.66
591,2,0.66
592,2,0.66
593,2,0.66
594,2,0.66
595,2,0.66
596,2,0.66
597,2,0.66
598,2,0.66
599,2,0.66
600,2,0.66
601,2,0.66
602,2,0.66
603,2,0.66
604,2,0.66
605,2,0.66
606,2,0.66
607,2,0.66
608,2,0.66
609,2,0.66
610,2,0.66
611,2,0.66
612,2,0.66
613,2,0.66
614,2,0.66
615,2,0.66
616,2,0.66
617,2,0.66
618,2,0.66
619,2,0.66
620,2,0.66
621,2,0.66
622,2,0.66
623,2,0.66
624,2,0.66
625,2,0.66
626,2,0.66
627,2,0.66
628,2,0.66
629,2,0.66
630,2,0.66
631,2,0.66
632,2,0.66
633,2,0.66
634,2,0.66
635,2,0.66
636,2,0.66
637,2,0.66
638,2,0.66
639,2,0.66
640,2,0.66
641,2,0.66
642,2,0.66
643,2,0.66
644,2,0.66
645,2,0.66
646,2,0.66
647,2,0.66
648,2,0.66
649,2,0.66
650,2,0.66
651,2,0.66
652,2,0.66
653,2,0.66
654,2,0.66
655,2,0.66
656,2,0.66
657,2,0.66
658,2,0.66
659,2,0.66
660,2,0.66
661,2,0.66
662,2,0.66
663,2,0.66
664,2,0.66
665,2,0.66
666,2,0.66
667,2,0.66
668,2,0.66
669,2,0.66
670,2,0.66
671,2,0.66
672,2,0.66
673,2,0.66
674,2,0.66
675,2,0.66
676,2,0.66
677,2,0.66
678,2,0.66
679,2,0.66
680,2,0.66
681,2,0.66
682,2,0.66
683,2,0.66
684,2,0.66
685,2,0.66
686,2,0.66
687,2,0.66
688,2,0.66
689,2,0.66
690,2,0.66
691,2,0.66
692,2,0.66
693,2,0.66
694,2,0.66
695,2,0.66
696,2,0.66
697,2,0.66
698,2,0.66
699,2,0.66
700,2,0.66
701,2,0.66
702,2,0.66
703,2,0.66
704,2,0.66
705,2,0.66
706,2,0.66
707,2,0.66
708,2,0.66
709,2,0.66
710,2,0.66
711,2,0.66
712,2,0.66
713,2,0.66
714,2,0.66
715,2,0.66
716,2,0.66
717,2,0.66
718,2,0.66
719,2,0.66
720,2,0.66
721,2,0.66
722,2,0.66
723,2,0.66
724,2,0.66
725,2,0.66
726,2,0.66
727,2,0.66
728,2,0.66
729,2,0.66
730,2,0.66
731,2,0.66
732,2,0.66
733,3,2.46
734,3,2.46
735,3,2.46
736,3,2.46
737,3,2.46
738,3,2.46
739,3,2.46
740,3,2.46
741,3,2.46
742,3,2.46
743,3,2.46
744,3,2.46
745,3,2.46
746,3,2.46
747,3,2.46
748,3,2.46
749,3,2.46
750,3,2.46
751,3,2.46
752,3,2.46
753,3,2.46
754,3,2.46
755,3,2.46
756,3,2.46
757,3,2.46
758,3,2.46
759,3,2.46
760,3,2.46
761,3,2.46
762,3,2.46
763,3,2.46
764,3,2.46
765,3,2.46
766,3,2.46
767,3,2.46
768,3,2.46
769,3,2.46
770,3,2.46
771,3,2.46
772,3,2.46
773,3,2.46
774,3,2.46
775,3,2.46
776,3,2.46
777,3,2.46
778,3,2.46
779,3,2.46
780,3,2.46
781,3,2.46
782,3,2.46
783,3,2.46
784,3,2.46
785,3,2.46
786,3,2.46
787,3,2.46
788,3,2.46
789,3,2.46
790,3,2.46
791,3,2.46
792,3,2.46
793,3,2.46
794,3,2.46
795,3,2.46
796,3,2.46
797,3,2.46
798,3,2.46
799,3,2.46
800,3,2.46
801,3,2.46
802,3,2.46
803,3,2.46
804,3,2.46
805,3,2.46
806,3,2.46
807,3,2.46
808,3,2.46
809,3,2.46
810,3,2.46
811,3,2.46
812,3,2.46
813,3,2.46
814,3,2.46
815,3,2.46
816,3,2.46
817,3,2.46
818,3,2.46
819,3,2.46
820,3,2.46
821,3,2.46
822,3,2.46
823,3,2.46
824,3,2.46
825,3,2.46
826,3,2.46
827,3,2.46
828,3,2.46
829,3,2.46
830,3,2.46
831,3,2.46
832,3,2.46
833,3,2.46
834,3,2.46
835,3,2.46
836,3,2.46
837,3,2.46
838,3,2.46
839,3,2.46
840,3,2.46
841,3,2.46
842,3,2.46
843,3,2.46
844,3,2.46
845,3,2.46
846,3,2.46
847,3,2.46
848,3,2.46
849,3,2.46
850,3,2.46
851,3,2.46
852,3,2.46
853,3,2.46
854,3,2.46
855,3,2.46
856,3,2.46
857,3,2.46
858,3,2.46
859,3,2.46
860,3,2.46
861,3,2.46
862,3,2.46
863,3,2.46
864,3,2.46
865,3,2.46
866,3,2.46
867,3,2.46
868,3,2.46
869,3,2.46
870,3,2.46
871,3,2.46
872,3,2.46
873,3,2.46
874,3,2.46
875,3,2.46
876,3,2.46
877,3,2.46
878,3,2.46
879,3,2.46
880,3,2.46
881,3,2.46
882,3,2.46
883,3,2.46
884,3,2.46
885,3,2.46
886,3,2.46
887,3,2.46
888,3,2.46
889,3,2.46
890,3,2.46
891,3,2.46
892,3,2.46
893,3,2.46
894,3,2.46
895,3,2.46
896,3,2.46
897,3,2.46
898,3,2.46
899,3,2.46
900,3,2.46
901,3,2.46
902,3,2.46
903,3,2.46
904,3,2.46
905,3,2.46
906,3,2.46
907,3,2.46
908,3,2.46
909,3,2.46
910,3,2.46
911,3,2.46
912,3,2.46
913,3,2.46
914,3,2.46
915,3,2.46
916,3,2.46
917,3,2.46
918,3,2.46
919,3,2.46
920,3,2.46
921,3,2.46
922,3,2.46
923,3,2.46
924,3,2.46
925,3,2.46
926,3,2.46
927,3,2.46
928,3,2.46
929,3,2.46
930,3,2.46
931,3,2.46
932,3,2.46
933,3,2.46
934,3,2.46
935,3,2.46
936,3,2.46
937,3,2.46
938,3,2.46
939,3,2.46
940,3,2.46
941,3,2.46
942,3,2.46
943,3,2.46
944,3,2.46
945,3,2.46
946,3,2.46
947,3,2.46
948,3,2.46
949,3,2.46
950,3,2.46
951,3,2.46
952,3,2.46
953,3,2.46
954,3,2.46
955,3,2.46
956,3,2.46
957,3,2.46
958,3,2.46
959,3,2.46
960,3,2.46
961,3,2.46
962,3,2.46
963,3,2.46
964,3,2.46
965,3,2.46
966,3,2.46
967,3,2.46
968,3,2.46
969,3,2.46
970,3,2.46
971,3,2.46
972,3,2.46
973,3,2.46
974,3,2.46
975,3,2.46
976,3,2.46
977,3,2.46
978,3,2.46
979,3,2.46
980,3,2.46
981,3,2.46
982,3,2.46
983,3,2.46
984,3,2.46
985,3,2.46
986,3,2.46
987,3,2.46
988,3,2.46
989,3,2.46
990,3,2.46
991,3,2.46
992,3,2.46
993,3,2.46
994,3,2.46
995,3,2.46
996,3,2.46
997,3,2.46
998,3,2.46
999,3,2.46
1000,3,2.46
1001,3,2.46
1002,3,2.46
1003,3,2.46
1004,3,2.46
1005,3,2.46
1006,3,2.46
1007,3,2.46
1008,3,2.46
1009,3,2.46
1010,3,2.46
1011,3,2.46
1012,3,2.46
1013,3,2.46
1014,3,2.46
1015,3,2.46
1016,3,2.46
1017,3,2.46
1018,3,2.46
1019,3,2.46
1020,3,2.46
1021,3,2.46
1022,3,2.46
1023,3,2.46
1024,3,2.46
1025,3,2.46
1026,3,2.46
1027,3,2.46
1028,3,2.46
1029,3,2.46
1030,3,2.46
1031,3,2.46
1032,3,2.46
1033,3,2.46
1034,3,2.46
1035,3,2.46
1036,3,2.46
1037,3,2.46
1038,3,2.46
1039,3,2.46
1040,3,2.46
1041,3,2.46
1042,3,2.46
1043,3,2.46
1044,3,2.46
1045,3,2.46
1046,3,2.46
1047,3,2.46
1048,3,2.46
1049,3,2.46
1050,3,2.46
1051,3,2.46
1052,3,2.46
1053,3,2.46
1054,3,2.46
1055,3,2.46
1056,3,2.46
1057,3,2.46
1058,3,2.46
1059,3,2.46
1060,3,2.46
1061,3,2.46
1062,3,2.46
1063,3,2.46
1064,3,2.46
1065,3,2.46
1066,3,2.46
1067,3,2.46
1068,3,2.46
1069,3,2.46
1070,3,2.46
1071,3,2.46
1072,3,2.46
1073,3,2.46
1074,3,2.46
1075,3,2.46
1076,3,2.46
1077,3,2.46
1078,3,2.46
1079,3,2.46
1080,3,2.46
1081,3,2.46
1082,3,2.46
1083,3,2.46
1084,3,2.46
1085,3,2.46
1086,3,2.46
1087,3,2.46
1088,3,2.46
1089,3,2.46
1090,3,2.46
1091,3,2.46
1092,3,2.46
1093,3,2.46
1094,3,2.46
1095,3,2.46
1096,3,2.46
1097,3,2.46
1098,3,2.46
1099,3,2.46
1100,3,2.46
1101,3,2.46
1102,3,2.46
1103,3,2.46
1104,3,2.46
1105,3,2.46
1106,3,2.46
1107,3,2.46
1108,3,2.46
1109,3,2.46
1110,3,2.46
1111,3,2.46
1112,3,2.46
1113,3,2.46
1114,3,2.46
1115,3,2.46
1116,3,2.46
1117,3,2.46
1118,3,2.46
1119,3,2.46
1120,3,2.46
1121,3,2.46
1122,3,2.46
1123,3,2.46
1124,3,2.46
1125,3,2.46
1126,3,2.46
1127,3,2.46
1128,3,2.46
1129,3,2.46
1130,3,2.46
1131,3,2.46
1132,3,2.46
1133,3,2.46
1134,3,2.46
1135,3,2.46
1136,3,2.46
1137,3,2.46
1138,3,2.46
1139,3,2.46
1140,3,2.46
1141,3,2.46
1142,3,2.46
1143,3,2.46
1144,3,2.46
1145,3,2.46
1146,3,2.46
1147,3,2.46
1148,3,2.46
1149,3,2.46
1150,3,2.46
1151,3,2.46
1152,3,2.46
1153,3,2.46
1154,3,2.46
1155,3,2.46
1156,3,2.46
1157,3,2.46
1158,3,2.46
1159,3,2.46
1160,3,2.46
1161,3,2.46
1162,3,2.46
1163,3,2.46
1164,3,2.46
1165,3,2.46
1166,3,2.46
1167,3,2.46
1168,3,2.46
1169,3,2.46
1170,3,2.46
1171,3,2.46
1172,3,2.46
1173,3,2.46
1174,3,2.46
1175,3,2.46
1176,3,2.46
1177,3,2.46
1178,3,2.46
1179,3,2.46
1180,3,2.46
1181,3,2.46
1182,3,2.46
1183,3,2.46
1184,3,2.46
1185,3,2.46
1186,3,2.46
1187,3,2.46
1188,3,2.46
1189,3,2.46
1190,3,2.46
1191,3,2.46
1192,3,2.46
1193,3,2.46
1194,3,2.46
1195,3,2.46
1196,3,2.46
1197,3,2.46
1198,3,2.46
1199,3,2.46
1200,3,2.46
1201,3,2.46
1202,3,2.46
1203,3,2.46
1204,3,2.46
1205,3,2.46
1206,3,2.46
1207,3,2.46
1208,3,2.46
1209,4,2.93
1210,4,2.93
1211,4,2.93
1212,4,2.93
1213,4,2.93
1214,4,2.93
1215,4,2.93
1216,4,2.93
1217,4,2.93
1218,4,2.93
1219,4,2.93
1220,4,2.93
1221,4,2.93
1222,4,2.93
1223,4,2.93
1224,4,2.93
1225,4,2.93
1226,4,2.93
1227,4,2.93
1228,4,2.93
1229,4,2.93
1230,4,2.93
1231,4,2.93
1232,4,2.93
1233,4,2.93
1234,4,2.93
1235,4,2.93
1236,4,2.93
1237,4,2.93
1238,4,2.93
1239,4,2.93
1240,4,2.93
1241,4,2.93
1242,4,2.93
1243,4,2.93
1244,4,2.93
1245,4,2.93
1246,4,2.93
1247,4,2.93
1248,4,2.93
1249,4,2.93
1250,4,2.93
1251,4,2.93
1252,4,2.93
1253,4,2.93
1254,4,2.93
1255,4,2.93
1256,4,2.93
1257,4,2.93
1258,4,2.93
1259,4,2.93
1260,4,2.93
1261,4,2.93
1262,4,2.93
1263,4,2.93
1264,4,2.93
1265,4,2.93
1266,4,2.93
1267,4,2.93
1268,4,2.93
1269,4,2.93
1270,4,2.93
1271,4,2.93
1272,4,2.93
1273,4,2.93
1274,4,2.93
1275,4,2.93
1276,4,2.93
1277,4,2.93
1278,4,2.93
1279,4,2.93
1280,4,2.93
1281,4,2.93
1282,4,2.93
1283,4,2.93
1284,4,2.93
1285,4,2.93
1286,4,2.93
1287,4,2.93
1288,4,2.93
1289,4,2.93
1290,4,2.93
1291,4,2.93
1292,4,2.93
1293,4,2.93
1294,4,2.93
1295,4,2.93
1296,4,2.93
1297,4,2.93
1298,4,2.93
1299,4,2.93
1300,4,2.93
1301,4,2.93
1302,4,2.93
1303,4,2.93
1304,4,2.93
1305,4,2.93
1306,4,2.93
1307,4,2.93
1308,4,2.93
1309,4,2.93
1310,4,2.93
1311,4,2.93
1312,4,2.93
1313,4,2.93
1314,4,2.93
1315,4,2.93
1316,4,2.93
1317,4,2.93
1318,4,2.93
1319,4,2.93
1320,4,2.93
1321,4,2.93
1322,4,2.93
1323,4,2.93
1324,4,2.93
1325,4,2.93
1326,4,2.93
1327,4,2.93
1328,4,2.93
1329,4,2.93
1330,4,2.93
1331,4,2.93
1332,4,2.93
1333,4,2.93
1334,4,2.93
1335,4,2.93
1336,4,2.93
1337,4,2.93
1338,4,2.93
1339,4,2.93
1340,4,2.93
1341,4,2.93
1342,4,2.93
1343,4,2.93
1344,4,2.93
1345,4,2.93
1346,4,2.93
1347,4,2.93
1348,4,2.93
1349,4,2.93
1350,4,2.93
1351,4,2.93
1352,4,2.93
1353,4,2.93
1354,4,2.93
1355,4,2.93
1356,4,2.93
1357,4,2.93
1358,4,2.93
1359,4,2.93
1360,4,2.93
1361,4,2.93
1362,4,2.93
1363,4,2.93
1364,4,2.93
1365,4,2.93
1366,4,2.93
1367,4,2.93
1368,4,2.93
1369,4,2.93
1370,4,2.93
1371,4,2.93
1372,4,2.93
1373,4,2.93
1374,4,2.93
1375,4,2.93
1376,4,2.93
1377,4,2.93
1378,4,2.93
1379,4,2.93
1380,4,2.93
1381,4,2.93
1382,4,2.93
1383,4,2.93
1384,4,2.93
1385,4,2.93
1386,4,2.93
1387,4,2.93
1388,4,2.93
1389,4,2.93
1390,4,2.93
1391,4,2.93
1392,4,2.93
1393,4,2.93
1394,4,2.93
1395,4,2.93
1396,4,2.93
1397,4,2.93
1398,4,2.93
1399,4,2.93
1400,4,2.93
1401,4,2.93
1402,4,2.93
1403,4,2.93
1404,4,2.93
1405,4,2.93
1406,4,2.93
1407,4,2.93
1408,4,2.93
1409,4,2.93
1410,4,2.93
1411,4,2.93
1412,4,2.93
1413,4,2.93
1414,4,2.93
1415,4,2.93
1416,4,2.93
1417,4,2.93
1418,4,2.93
1419,4,2.93
1420,4,2.93
1421,4,2.93
1422,4,2.93
1423,4,2.93
1424,4,2.93
1425,4,2.93
1426,4,2.93
1427,4,2.93
1428,4,2.93
1429,4,2.93
1430,4,2.93
1431,4,2.93
1432,4,2.93
1433,4,2.93
1434,4,2.93
1435,4,2.93
1436,4,2.93
1437,4,2.93
1438,4,2.93
1439,4,2.93
1440,4,2.93
1441,4,2.93
1442,4,2.93
1443,4,2.93
1444,4,2.93
1445,4,2.93
1446,4,2.93
1447,4,2.93
1448,4,2.93
1449,4,2.93
1450,4,2.93
1451,4,2.93
1452,4,2.93
1453,4,2.93
1454,4,2.93
1455,4,2.93
1456,4,2.93
1457,4,2.93
1458,4,2.93
1459,4,2.93
1460,4,2.93
1461,4,2.93
1462,4,2.93
1463,4,2.93
1464,4,2.93
1465,4,2.93
1466,4,2.93
1467,4,2.93
1468,4,2.93
1469,4,2.93
1470,4,2.93
1471,4,2.93
1472,4,2.93
1473,4,2.93
1474,4,2.93
1475,4,2.93
1476,4,2.93
1477,4,2.93
1478,4,2.93
1479,4,2.93
1480,4,2.93
1481,4,2.93
1482,4,2.93
1483,4,2.93
1484,4,2.93
1485,4,2.93
1486,4,2.93
1487,4,2.93
1488,4,2.93
1489,4,2.93
1490,4,2.93
1491,4,2.93
1492,4,2.93
1493,4,2.93
1494,4,2.93
1495,4,2.93
1496,4,2.93
1497,4,2.93
1498,4,2.93
1499,4,2.93
1500,4,2.93
1501,4,2.93
1502,4,2.93
1503,4,2.93
1504,4,2.93
1505,4,2.93
1506,4,2.93
1507,4,2.93
1508,4,2.93
1509,4,2.93
1510,4,2.93
1511,4,2.93
1512,4,2.93
1513,4,2.93
1514,4,2.93
1515,4,2.93
1516,4,2.93
1517,4,2.93
1518,4,2.93
1519,4,2.93
1520,4,2.93
1521,4,2.93
1522,4,2.93
1523,4,2.93
1524,4,2.93
1525,4,2.93
1526,4,2.93
1527,4,2.93
1528,4,2.93
1529,4,2.93
1530,4,2.93
1531,4,2.93
1532,4,2.93
1533,4,2.93
1534,4,2.93
1535,4,2.93
1536,4,2.93
1537,4,2.93
1538,4,2.93
1539,4,2.93
1540,4,2.93
1541,4,2.93
1542,4,2.93
1543,4,2.93
1544,4,2.93
1545,4,2.93
1546,4,2.93
1547,4,2.93
1548,4,2.93
1549,4,2.93
1550,4,2.93
1551,4,2.93
1552,4,2.93
1553,4,2.93
1554,4,2.93
1555,4,2.93
1556,4,2.93
1557,4,2.93
1558,4,2.93
1559,4,2.93
1560,4,2.93
1561,4,2.93
1562,4,2.93
1563,4,2.93
1564,4,2.93
1565,4,2.93
1566,4,2.93
1567,4,2.93
1568,4,2.93
1569,4,2.93
1570,4,2.93
1571,4,2.93
1572,4,2.93
1573,4,2.93
1574,4,2.93
1575,4,2.93
1576,4,2.93
1577,4,2.93
1578,4,2.93
1579,4,2.93
1580,4,2.93
1581,4,2.93
1582,5,5.83
1583,5,5.83
1584,5,5.83
1585,5,5.83
1586,5,5.83
1587,5,5.83
1588,5,5.83
1589,5,5.83
1590,5,5.83
1591,5,5.83
1592,5,5.83
1593,5,5.83
1594,5,5.83
1595,5,5.83
1596,5,5.83
1597,5,5.83
1598,5,5.83
1599,5,5.83
1600,5,5.83
1601,5,5.83
1602,5,5.83
1603,5,5.83
1604,5,5.83
1605,5,5.83
1606,5,5.83
1607,5,5.83
1608,5,5.83
1609,5,5.83
1610,5,5.83
1611,5,5.83
1612,5,5.83
1613,5,5.83
1614,5,5.83
1615,5,5.83
1616,5,5.83
1617,5,5.83
1618,5,5.83
1619,5,5.83
1620,5,5.83
1621,5,5.83
1622,5,5.83
1623,5,5.83
1624,5,5.83
1625,5,5.83
1626,5,5.83
1627,5,5.83
1628,5,5.83
1629,5,5.83
1630,5,5.83
1631,5,5.83
1632,5,5.83
1633,5,5.83
1634,5,5.83
1635,5,5.83
1636,5,5.83
1637,5,5.83
1638,5,5.83
1639,5,5.83
1640,5,5.83
1641,5,5.83
1642,5,5.83
1643,5,5.83
1644,5,5.83
1645,5,5.83
1646,5,5.83
1647,5,5.83
1648,5,5.83
1649,5,5.83
1650,5,5.83
1651,5,5.83
1652,5,5.83
1653,5,5.83
1654,5,5.83
1655,5,5.83
1656,5,5.83
1657,5,5.83
1658,5,5.83
1659,5,5.83
1660,5,5.83
1661,5,5.83
1662,5,5.83
1663,5,5.83
1664,5,5.83
1665,5,5.83
1666,5,5.83
1667,5,5.83
1668,5,5.83
1669,5,5.83
1670,5,5.83
1671,5,5.83
1672,5,5.83
1673,5,5.83
1674,5,5.83
1675,5,5.83
1676,5,5.83
1677,5,5.83
1678,5,5.83
1679,5,5.83
1680,5,5.83
1681,5,5.83
1682,5,5.83
1683,5,5.83
1684,5,5.83
1685,5,5.83
1686,5,5.83
1687,5,5.83
1688,5,5.83
1689,5,5.83
1690,5,5.83
1691,5,5.83
1692,5,5.83
1693,5,5.83
1694,5,5.83
1695,5,5.83
1696,5,5.83
1697,5,5.83
1698,5,5.83
1699,5,5.83
1700,5,5.83
1701,5,5.83
1702,5,5.83
1703,5,5.83
1704,5,5.83
1705,5,5.83
1706,5,5.83
1707,5,5.83
1708,5,5.83
1709,5,5.83
1710,5,5.83
1711,5,5.83
1712,5,5.83
1713,5,5.83
1714,5,5.83
1715,5,5.83
1716,5,5.83
1717,5,5.83
1718,5,5.83
1719,5,5.83
1720,5,5.83
1721,5,5.83
1722,5,5.83
1723,5,5.83
1724,5,5.83
1725,5,5.83
1726,5,5.83
1727,5,5.83
1728,5,5.83
1729,5,5.83
1730,5,5.83
1731,5,5.83
1732,5,5.83
1733,5,5.83
1734,5,5.83
1735,5,5.83
1736,5,5.83
1737,5,5.83
1738,5,5.83
1739,5,5.83
1740,5,5.83
1741,5,5.83
1742,5,5.83
1743,5,5.83
1744,5,5.83
1745,5,5.83
1746,5,5.83
1747,5,5.83
1748,5,5.83
1749,5,5.83
1750,5,5.83
1751,5,5.83
1752,5,5.83
1753,5,5.83
1754,5,5.83
1755,5,5.83
1756,5,5.83
1757,5,5.83
1758,5,5.83
1759,5,5.83
1760,5,5.83
1761,5,5.83
1762,5,5.83
1763,5,5.83
1764,5,5.83
1765,5,5.83
1766,5,5.83
1767,5,5.83
1768,5,5.83
1769,5,5.83
1770,5,5.83
1771,5,5.83
1772,5,5.83
1773,5,5.83
1774,5,5.83
1775,5,5.83
1776,5,5.83
1777,5,5.83
1778,5,5.83
1779,5,5.83
1780,5,5.83
1781,5,5.83
1782,5,5.83
1783,5,5.83
1784,5,5.83
1785,5,5.83
1786,5,5.83
1787,5,5.83
1788,5,5.83
1789,5,5.83
1790,5,5.83
1791,5,5.83
1792,5,5.83
1793,5,5.83
1794,5,5.83
1795,5,5.83
1796,5,5.83
1797,5,5.83
1798,5,5.83
1799,5,5.83
1800,5,5.83
1801,5,5.83
1802,5,5.83
1803,5,5.83
1804,5,5.83
1805,5,5.83
1806,5,5.83
1807,5,5.83
1808,5,5.83
1809,5,5.83
1810,5,5.83
1811,5,5.83
1812,5,5.83
1813,5,5.83
1814,5,5.83
1815,5,5.83
1816,5,5.83
1817,5,5.83
1818,5,5.83
1819,5,5.83
1820,5,5.83
1821,5,5.83
1822,5,5.83
1823,5,5.83
1824,5,5.83
1825,5,5.83
1826,5,5.83
1827,5,5.83
1828,5,5.83
1829,5,5.83
1830,5,5.83
1831,5,5.83
1832,5,5.83
1833,5,5.83
1834,5,5.83
1835,5,5.83
1836,5,5.83
1837,5,5.83
1838,5,5.83
1839,5,5.83
1840,5,5.83
1841,5,5.83
1842,5,5.83
1843,5,5.83
1844,5,5.83
1845,5,5.83
1846,5,5.83
1847,5,5.83
1848,5,5.83
1849,5,5.83
1850,5,5.83
1851,5,5.83
1852,5,5.83
1853,5,5.83
1854,5,5.83
1855,5,5.83
1856,5,5.83
1857,5,5.83
1858,5,5.83
1859,5,5.83
1860,5,5.83
1861,5,5.83
1862,5,5.83
1863,5,5.83
1864,5,5.83
1865,5,5.83
1866,5,5.83
1867,5,5.83
1868,5,5.83
1869,5,5.83
1870,5,5.83
1871,5,5.83
1872,5,5.83
1873,5,5.83
1874,5,5.83
1875,5,5.83
1876,5,5.83
1877,5,5.83
1878,5,5.83
1879,5,5.83
1880,5,5.83
1881,5,5.83
1882,5,5.83
1883,5,5.83
1884,5,5.83
1885,5,5.83
1886,5,5.83
1887,5,5.83
1888,5,5.83
1889,5,5.83
1890,5,5.83
1891,5,5.83
1892,5,5.83
1893,5,5.83
1894,5,5.83
1895,5,5.83
1896,5,5.83
1897,5,5.83
1898,5,5.83
1899,5,5.83
1900,5,5.83
1901,5,5.83
1902,5,5.83
1903,5,5.83
1904,5,5.83
1905,5,5.83
1906,5,5.83
1907,5,5.83
1908,5,5.83
1909,5,5.83
1910,5,5.83
1911,5,5.83
1912,5,5.83
1913,5,5.83
1914,5,5.83
1915,5,5.83
1916,5,5.83
1917,5,5.83
1918,5,5.83
1919,5,5.83
1920,5,5.83
1921,5,5.83
1922,5,5.83
1923,5,5.83
1924,5,5.83
1925,5,5.83
1926,5,5.83
1927,5,5.83
1928,5,5.83
1929,5,5.83
1930,5,5.83
1931,5,5.83
1932,5,5.83
1933,5,5.83
1934,5,5.83
1935,5,5.83
1936,5,5.83
1937,5,5.83
1938,5,5.83
1939,5,5.83
1940,5,5.83
1941,5,5.83
1942,5,5.83
1943,5,5.83
1944,5,5.83
1945,5,5.83
1946,5,5.83
1947,5,5.83
1948,5,5.83
1949,5,5.83
1950,5,5.83
1951,5,5.83
1952,5,5.83
1953,5,5.83
1954,5,5.83
1955,5,5.83
1956,5,5.83
1957,5,5.83
1958,5,5.83
1959,5,5.83
1960,5,5.83
1961,5,5.83
1962,5,5.83
1963,5,5.83
1964,5,5.83
1965,5,5.83
1966,5,5.83
1967,5,5.83
1968,5,5.83
1969,5,5.83
1970,5,5.83
1971,5,5.83
1972,5,5.83
1973,5,5.83
1974,5,5.83
1975,5,5.83
1976,5,5.83
1977,5,5.83
1978,5,5.83
1979,5,5.83
1980,5,5.83
1981,5,5.83
1982,5,5.83
1983,5,5.83
1984,5,5.83
1985,5,5.83
1986,5,5.83
1987,5,5.83
1988,5,5.83
1989,5,5.83
1990,5,5.83
1991,5,5.83
1992,5,5.83
1993,5,5.83
1994,5,5.83
1995,5,5.83
1996,5,5.83
1997,5,5.83
1998,5,5.83
1999,5,5.83
2000,5,5.83
2001,5,5.83
2002,5,5.83
2003,5,5.83
2004,5,5.83
2005,5,5.83
2006,5,5.83
2007,5,5.83
2008,5,5.83
2009,5,5.83
2010,5,5.83
2011,5,5.83
2012,5,5.83
2013,5,5.83
2014,5,5.83
2015,5,5.83
2016,5,5.83
2017,6,6.72
2018,6,6.72
2019,6,6.72
2020,6,6.72
2021,6,6.72
2022,6,6.72
2023,6,6.72
2024,6,6.72
2025,6,6.72
2026,6,6.72
2027,6,6.72
2028,6,6.72
2029,6,6.72
2030,6,6.72
2031,6,6.72
2032,6,6.72
2033,6,6.72
2034,6,6.72
2035,6,6.72
2036,6,6.72
2037,6,6.72
2038,6,6.72
2039,6,6.72
2040,6,6.72
2041,6,6.72
2042,6,6.72
2043,6,6.72
2044,6,6.72
2045,6,6.72
2046,6,6.72
2047,6,6.72
2048,6,6.72
2049,6,6.72
2050,6,6.72
2051,6,6.72
2052,6,6.72
2053,6,6.72
2054,6,6.72
2055,6,6.72
2056,6,6.72
2057,6,6.72
2058,6,6.72
2059,6,6.72
2060,6,6.72
2061,6,6.72
2062,6,6.72
2063,6,6.72
2064,6,6.72
2065,6,6.72
2066,6,6.72
2067,6,6.72
2068,6,6.72
2069,6,6.72
2070,6,6.72
2071,6,6.72
2072,6,6.72
2073,6,6.72
2074,6,6.72
2075,6,6.72
2076,6,6.72
2077,6,6.72
2078,6,6.72
2079,6,6.72
2080,6,6.72
2081,6,6.72
2082,6,6.72
2083,6,6.72
2084,6,6.72
2085,6,6.72
2086,6,6.72
2087,6,6.72
2088,6,6.72
2089,6,6.72
2090,6,6.72
2091,6,6.72
2092,6,6.72
2093,6,6.72
2094,6,6.72
2095,6,6.72
2096,6,6.72
2097,6,6.72
2098,6,6.72
2099,6,6.72
2100,6,6.72
2101,6,6.72
2102,6,6.72
2103,6,6.72
2104,6,6.72
2105,6,6.72
2106,6,6.72
2107,6,6.72
2108,6,6.72
2109,6,6.72
2110,6,6.72
2111,6,6.72
2112,6,6.72
2113,6,6.72
2114,6,6.72
2115,6,6.72
2116,6,6.72
2117,6,6.72
2118,6,6.72
2119,6,6.72
2120,6,6.72
2121,6,6.72
2122,6,6.72
2123,6,6.72
2124,6,6.72
2125,6,6.72
2126,6,6.72
2127,6,6.72
2128,6,6.72
2129,6,6.72
2130,6,6.72
2131,6,6.72
2132,6,6.72
2133,6,6.72
2134,6,6.72
2135,6,6.72
2136,6,6.72
2137,6,6.72
2138,6,6.72
2139,6,6.72
2140,6,6.72
2141,6,6.72
2142,6,6.72
2143,6,6.72
2144,6,6.72
2145,6,6.72
2146,6,6.72
2147,6,6.72
2148,6,6.72
2149,6,6.72
2150,6,6.72
2151,6,6.72
2152,6,6.72
2153,6,6.72
2154,6,6.72
2155,6,6.72
2156,6,6.72
2157,6,6.72
2158,6,6.72
2159,6,6.72
2160,6,6.72
2161,6,6.72
2162,6,6.72
2163,6,6.72
2164,6,6.72
2165,6,6.72
2166,6,6.72
2167,6,6.72
2168,6,6.72
2169,6,6.72
2170,6,6.72
2171,6,6.72
2172,6,6.72
2173,6,6.72
2174,6,6.72
2175,6,6.72
2176,6,6.72
2177,6,6.72
2178,6,6.72
2179,6,6.72
2180,6,6.72
2181,6,6.72
2182,6,6.72
2183,6,6.72
2184,6,6.72
2185,6,6.72
2186,6,6.72
2187,6,6.72
2188,6,6.72
2189,6,6.72
2190,6,6.72
2191,6,6.72
2192,6,6.72
2193,6,6.72
2194,6,6.72
2195,6,6.72
2196,6,6.72
2197,6,6.72
2198,6,6.72
2199,6,6.72
2200,6,6.72
2201,6,6.72
2202,6,6.72
2203,6,6.72
2204,6,6.72
2205,6,6.72
2206,6,6.72
2207,6,6.72
2208,6,6.72
2209,6,6.72
2210,6,6.72
2211,6,6.72
2212,6,6.72
2213,6,6.72
2214,6,6.72
2215,6,6.72
2216,6,6.72
2217,6,6.72
2218,6,6.72
2219,6,6.72
2220,6,6.72
2221,6,6.72
2222,6,6.72
2223,6,6.72
2224,6,6.72
2225,6,6.72
2226,6,6.72
2227,6,6.72
2228,6,6.72
2229,6,6.72
2230,6,6.72
2231,6,6.72
2232,6,6.72
2233,6,6.72
2234,6,6.72
2235,6,6.72
2236,6,6.72
2237,6,6.72
2238,6,6.72
2239,6,6.72
2240,6,6.72
2241,6,6.72
2242,6,6.72
2243,6,6.72
2244,6,6.72
2245,6,6.72
2246,6,6.72
2247,6,6.72
2248,6,6.72
2249,6,6.72
2250,6,6.72
2251,6,6.72
2252,6,6.72
2253,6,6.72
2254,6,6.72
2255,6,6.72
2256,6,6.72
2257,6,6.72
2258,6,6.72
2259,6,6.72
2260,6,6.72
2261,6,6.72
2262,6,6.72
2263,6,6.72
2264,6,6.72
2265,6,6.72
2266,6,6.72
2267,6,6.72
2268,6,6.72
2269,6,6.72
2270,6,6.72
2271,6,6.72
2272,6,6.72
2273,6,6.72
2274,6,6.72
2275,6,6.72
2276,6,6.72
2277,6,6.72
2278,6,6.72
2279,6,6.72
2280,6,6.72
2281,6,6.72
2282,6,6.72
2283,6,6.72
2284,6,6.72
2285,6,6.72
2286,6,6.72
2287,6,6.72
2288,6,6.72
2289,6,6.72
2290,6,6.72
2291,6,6.72
2292,6,6.72
2293,6,6.72
2294,6,6.72
2295,6,6.72
2296,6,6.72
2297,6,6.72
2298,6,6.72
2299,6,6.72
2300,6,6.72
2301,6,6.72
2302,6,6.72
2303,6,6.72
2304,6,6.72
2305,6,6.72
2306,6,6.72
2307,6,6.72
2308,6,6.72
2309,6,6.72
2310,6,6.72
2311,6,6.72
2312,6,6.72
2313,6,6.72
2314,6,6.72
2315,6,6.72
2316,6,6.72
2317,6,6.72
2318,6,6.72
2319,6,6.72
2320,6,6.72
2321,6,6.72
2322,6,6.72
2323,6,6.72
2324,6,6.72
2325,6,6.72
2326,6,6.72
2327,6,6.72
2328,6,6.72
2329,6,6.72
2330,6,6.72
2331,6,6.72
2332,6,6.72
2333,6,6.72
2334,6,6.72
2335,6,6.72
2336,6,6.72
2337,6,6.72
2338,6,6.72
2339,6,6.72
2340,6,6.72
2341,6,6.72
2342,6,6.72
2343,6,6.72
2344,6,6.72
2345,6,6.72
2346,6,6.72
2347,6,6.72
2348,6,6.72
2349,6,6.72
2350,6,6.72
2351,6,6.72
2352,6,6.72
2353,6,6.72
2354,6,6.72
2355,6,6.72
2356,6,6.72
2357,6,6.72
2358,6,6.72
2359,6,6.72
2360,6,6.72
2361,6,6.72
2362,6,6.72
2363,6,6.72
2364,6,6.72
2365,6,6.72
2366,6,6.72
2367,6,6.72
2368,6,6.72
2369,6,6.72
2370,6,6.72
2371,6,6.72
2372,6,6.72
2373,6,6.72
2374,6,6.72
2375,6,6.72
2376,6,6.72
2377,6,6.72
2378,6,6.72
2379,6,6.72
2380,6,6.72
2381,6,6.72
2382,6,6.72
2383,6,6.72
2384,6,6.72
2385,6,6.72
2386,6,6.72
2387,6,6.72
2388,6,6.72
2389,6,6.72
2390,6,6.72
2391,6,6.72
2392,6,6.72
2393,6,6.72
2394,6,6.72
2395,6,6.72
2396,6,6.72
2397,6,6.72
2398,6,6.72
2399,6,6.72
2400,6,6.72
2401,6,6.72
2402,6,6.72
2403,6,6.72
2404,6,6.72
2405,6,6.72
2406,6,6.72
2407,6,6.72
2408,6,6.72
2409,6,6.72
2410,6,6.72
2411,6,6.72
2412,6,6.72
2413,6,6.72
2414,6,6.72
2415,6,6.72
2416,6,6.72
2417,6,6.72
2418,6,6.72
2419,6,6.72
2420,6,6.72
2421,6,6.72
2422,6,6.72
2423,6,6.72
2424,6,6.72
2425,6,6.72
2426,6,6.72
2427,6,6.72
2428,6,6.72
2429,6,6.72
2430,6,6.72
2431,6,6.72
2432,6,6.72
2433,6,6.72
2434,6,6.72
2435,6,6.72
2436,6,6.72
2437,6,6.72
2438,6,6.72
2439,6,6.72
2440,6,6.72
2441,6,6.72
2442,6,6.72
2443,6,6.72
2444,6,6.72
2445,6,6.72
2446,6,6.72
2447,6,6.72
2448,6,6.72
2449,6,6.72
2450,6,6.72
2451,6,6.72
2452,6,6.72
2453,6,6.72
2454,6,6.72
2455,6,6.72
2456,6,6.72
2457,6,6.72
2458,6,6.72
2459,6,6.72
2460,6,6.72
2461,6,6.72
2462,6,6.72
2463,6,6.72
2464,6,6.72
2465,6,6.72
2466,6,6.72
2467,6,6.72
2468,6,6.72
2469,6,6.72
2470,6,6.72
2471,6,6.72
2472,6,6.72
2473,6,6.72
2474,6,6.72
2475,6,6.72
2476,6,6.72
2477,6,6.72
2478,6,6.72
2479,6,6.72
2480,6,6.72
2481,6,6.72
2482,6,6.72
2483,6,6.72
2484,6,6.72
2485,6,6.72
2486,6,6.72
2487,6,6.72
2488,6,6.72
2489,6,6.72
2490,6,6.72
2491,6,6.72
2492,6,6.72
2493,6,6.72
2494,6,6.72
2495,6,6.72
2496,6,6.72
2497,6,6.72
2498,6,6.72
2499,6,6.72
2500,6,6.72
2501,6,6.72
2502,7,7.41
2503,7,7.41
2504,7,7.41
2505,7,7.41
2506,7,7.41
2507,7,7.41
2508,7,7.41
2509,7,7.41
2510,7,7.41
2511,7,7.41
2512,7,7.41
2513,7,7.41
2514,7,7.41
2515,7,7.41
2516,7,7.41
2517,7,7.41
2518,7,7.41
2519,7,7.41
2520,7,7.41
2521,7,7.41
2522,7,7.41
2523,7,7.41
2524,7,7.41
2525,7,7.41
2526,7,7.41
2527,7,7.41
2528,7,7.41
2529,7,7.41
2530,7,7.41
2531,7,7.41
2532,7,7.41
2533,7,7.41
2534,7,7.41
2535,7,7.41
2536,7,7.41
2537,7,7.41
2538,7,7.41
2539,7,7.41
2540,7,7.41
2541,7,7.41
2542,7,7.41
2543,7,7.41
2544,7,7.41
2545,7,7.41
2546,7,7.41
2547,7,7.41
2548,7,7.41
2549,7,7.41
2550,7,7.41
2551,7,7.41
2552,7,7.41
2553,7,7.41
2554,7,7.41
2555,7,7.41
2556,7,7.41
2557,7,7.41
2558,7,7.41
2559,7,7.41
2560,7,7.41
2561,7,7.41
2562,7,7.41
2563,7,7.41
2564,7,7.41
2565,7,7.41
2566,7,7.41
2567,7,7.41
2568,7,7.41
2569,7,7.41
2570,7,7.41
2571,7,7.41
2572,7,7.41
2573,7,7.41
2574,7,7.41
2575,7,7.41
2576,7,7.41
2577,7,7.41
2578,7,7.41
2579,7,7.41
2580,7,7.41
2581,7,7.41
2582,7,7.41
2583,7,7.41
2584,7,7.41
2585,7,7.41
2586,7,7.41
2587,7,7.41
2588,7,7.41
2589,7,7.41
2590,7,7.41
2591,7,7.41
2592,7,7.41
2593,7,7.41
2594,7,7.41
2595,7,7.41
2596,7,7.41
2597,7,7.41
2598,7,7.41
2599,7,7.41
2600,7,7.41
2601,7,7.41
2602,7,7.41
2603,7,7.41
2604,7,7.41
2605,7,7.41
2606,7,7.41
2607,7,7.41
2608,7,7.41
2609,7,7.41
2610,7,7.41
2611,7,7.41
2612,7,7.41
2613,7,7.41
2614,7,7.41
2615,7,7.41
2616,7,7.41
2617,7,7.41
2618,7,7.41
2619,7,7.41
2620,7,7.41
2621,7,7.41
2622,7,7.41
2623,7,7.41
2624,7,7.41
2625,7,7.41
2626,7,7.41
2627,7,7.41
2628,7,7.41
2629,7,7.41
2630,7,7.41
2631,7,7.41
2632,7,7.41
2633,7,7.41
2634,7,7.41
2635,7,7.41
2636,7,7.41
2637,7,7.41
2638,7,7.41
2639,7,7.41
2640,7,7.41
2641,7,7.41
2642,7,7.41
2643,7,7.41
2644,7,7.41
2645,7,7.41
2646,7,7.41
2647,7,7.41
2648,7,7.41
2649,7,7.41
2650,7,7.41
2651,7,7.41
2652,7,7.41
2653,7,7.41
2654,7,7.41
2655,7,7.41
2656,7,7.41
2657,7,7.41
2658,7,7.41
2659,7,7.41
2660,7,7.41
2661,7,7.41
2662,7,7.41
2663,7,7.41
2664,7,7.41
2665,7,7.41
2666,7,7.41
2667,7,7.41
2668,7,7.41
2669,7,7.41
2670,7,7.41
2671,7,7.41
2672,7,7.41
2673,7,7.41
2674,7,7.41
2675,7,7.41
2676,7,7.41
2677,7,7.41
2678,7,7.41
2679,7,7.41
2680,7,7.41
2681,7,7.41
2682,7,7.41
2683,7,7.41
2684,7,7.41
2685,7,7.41
2686,7,7.41
2687,7,7.41
2688,7,7.41
2689,7,7.41
2690,7,7.41
2691,7,7.41
2692,7,7.41
2693,7,7.41
2694,7,7.41
2695,7,7.41
2696,7,7.41
2697,7,7.41
2698,7,7.41
2699,7,7.41
2700,7,7.41
2701,7,7.41
2702,7,7.41
2703,7,7.41
2704,7,7.41
2705,7,7.41
2706,7,7.41
2707,7,7.41
2708,7,7.41
2709,7,7.41
2710,7,7.41
2711,7,7.41
2712,7,7.41
2713,7,7.41
2714,7,7.41
2715,7,7.41
2716,7,7.41
2717,7,7.41
2718,7,7.41
2719,7,7.41
2720,7,7.41
2721,7,7.41
2722,7,7.41
2723,7,7.41
2724,7,7.41
2725,7,7.41
2726,7,7.41
2727,7,7.41
2728,7,7.41
2729,7,7.41
2730,7,7.41
2731,7,7.41
2732,7,7.41
2733,7,7.41
2734,7,7.41
2735,7,7.41
2736,7,7.41
2737,7,7.41
2738,7,7.41
2739,7,7.41
2740,7,7.41
2741,7,7.41
2742,7,7.41
2743,7,7.41
2744,7,7.41
2745,7,7.41
2746,7,7.41
2747,7,7.41
2748,7,7.41
2749,7,7.41
2750,7,7.41
2751,7,7.41
2752,7,7.41
2753,7,7.41
2754,7,7.41
2755,7,7.41
2756,7,7.41
2757,7,7.41
2758,7,7.41
2759,7,7.41
2760,7,7.41
2761,7,7.41
2762,7,7.41
2763,7,7.41
2764,7,7.41
2765,7,7.41
2766,7,7.41
2767,7,7.41
2768,7,7.41
2769,7,7.41
2770,7,7.41
2771,7,7.41
2772,7,7.41
2773,7,7.41
2774,7,7.41
2775,7,7.41
2776,7,7.41
2777,7,7.41
2778,7,7.41
2779,7,7.41
2780,7,7.41
2781,7,7.41
2782,7,7.41
2783,7,7.41
2784,7,7.41
2785,7,7.41
2786,7,7.41
2787,7,7.41
2788,7,7.41
2789,7,7.41
2790,7,7.41
2791,7,7.41
2792,7,7.41
2793,7,7.41
2794,7,7.41
2795,7,7.41
2796,7,7.41
2797,7,7.41
2798,7,7.41
2799,7,7.41
2800,7,7.41
2801,7,7.41
2802,7,7.41
2803,7,7.41
2804,7,7.41
2805,7,7.41
2806,7,7.41
2807,7,7.41
2808,7,7.41
2809,7,7.41
2810,7,7.41
2811,7,7.41
2812,7,7.41
2813,7,7.41
2814,7,7.41
2815,7,7.41
2816,7,7.41
2817,7,7.41
2818,7,7.41
2819,7,7.41
2820,7,7.41
2821,7,7.41
2822,7,7.41
2823,7,7.41
2824,7,7.41
2825,7,7.41
2826,7,7.41
2827,7,7.41
2828,7,7.41
2829,7,7.41
2830,7,7.41
2831,7,7.41
2832,7,7.41
2833,7,7.41
2834,7,7.41
2835,7,7.41
2836,7,7.41
2837,7,7.41
2838,7,7.41
2839,7,7.41
2840,7,7.41
2841,7,7.41
2842,7,7.41
2843,7,7.41
2844,7,7.41
2845,7,7.41
2846,7,7.41
2847,7,7.41
2848,7,7.41
2849,7,7.41
2850,7,7.41
2851,7,7.41
2852,7,7.41
2853,7,7.41
2854,7,7.41
2855,7,7.41
2856,7,7.41
2857,7,7.41
2858,7,7.41
2859,7,7.41
2860,7,7.41
2861,7,7.41
2862,7,7.41
2863,7,7.41
2864,7,7.41
2865,7,7.41
2866,7,7.41
2867,7,7.41
2868,8,8.87
2869,8,8.87
2870,8,8.87
2871,8,8.87
2872,8,8.87
2873,8,8.87
2874,8,8.87
2875,8,8.87
2876,8,8.87
2877,8,8.87
2878,8,8.87
2879,8,8.87
2880,8,8.87
2881,8,8.87
2882,8,8.87
2883,8,8.87
2884,8,8.87
2885,8,8.87
2886,8,8.87
2887,8,8.87
2888,8,8.87
2889,8,8.87
2890,8,8.87
2891,8,8.87
2892,8,8.87
2893,8,8.87
2894,8,8.87
2895,8,8.87
2896,8,8.87
2897,8,8.87
2898,8,8.87
2899,8,8.87
2900,8,8.87
2901,8,8.87
2902,8,8.87
2903,8,8.87
2904,8,8.87
2905,8,8.87
2906,8,8.87
2907,8,8.87
2908,8,8.87
2909,8,8.87
2910,8,8.87
2911,8,8.87
2912,8,8.87
2913,8,8.87
2914,8,8.87
2915,8,8.87
2916,8,8.87
2917,8,8.87
2918,8,8.87
2919,8,8.87
2920,8,8.87
2921,8,8.87
2922,8,8.87
2923,8,8.87
2924,8,8.87
2925,8,8.87
2926,8,8.87
2927,8,8.87
2928,8,8.87
2929,8,8.87
2930,8,8.87
2931,8,8.87
2932,8,8.87
2933,8,8.87
2934,8,8.87
2935,8,8.87
2936,8,8.87
2937,8,8.87
2938,8,8.87
2939,8,8.87
2940,8,8.87
2941,8,8.87
2942,8,8.87
2943,8,8.87
2944,8,8.87
2945,8,8.87
2946,8,8.87
2947,8,8.87
2948,8,8.87
2949,8,8.87
2950,8,8.87
2951,8,8.87
2952,8,8.87
2953,8,8.87
2954,8,8.87
2955,8,8.87
2956,8,8.87
2957,8,8.87
2958,8,8.87
2959,8,8.87
2960,8,8.87
2961,8,8.87
2962,8,8.87
2963,8,8.87
2964,8,8.87
2965,8,8.87
2966,8,8.87
2967,8,8.87
2968,8,8.87
2969,8,8.87
2970,8,8.87
2971,8,8.87
2972,8,8.87
2973,8,8.87
2974,8,8.87
2975,8,8.87
2976,8,8.87
2977,8,8.87
2978,8,8.87
2979,8,8.87
2980,8,8.87
2981,8,8.87
2982,8,8.87
2983,8,8.87
2984,8,8.87
2985,8,8.87
2986,8,8.87
2987,8,8.87
2988,8,8.87
2989,8,8.87
2990,8,8.87
2991,8,8.87
2992,8,8.87
2993,8,8.87
2994,8,8.87
2995,8,8.87
2996,8,8.87
2997,8,8.87
2998,8,8.87
2999,8,8.87
3000,8,8.87
3001,8,8.87
3002,8,8.87
3003,8,8.87
3004,8,8.87
3005,8,8.87
3006,8,8.87
3007,8,8.87
3008,8,8.87
3009,8,8.87
3010,8,8.87
3011,8,8.87
3012,8,8.87
3013,8,8.87
3014,8,8.87
3015,8,8.87
3016,8,8.87
3017,8,8.87
3018,8,8.87
3019,8,8.87
3020,8,8.87
3021,8,8.87
3022,8,8.87
3023,8,8.87
3024,8,8.87
3025,8,8.87
3026,8,8.87
3027,8,8.87
3028,8,8.87
3029,8,8.87
3030,8,8.87
3031,8,8.87
3032,8,8.87
3033,8,8.87
3034,8,8.87
3035,8,8.87
3036,8,8.87
3037,8,8.87
3038,8,8.87
3039,8,8.87
3040,8,8.87
3041,8,8.87
3042,8,8.87
3043,8,8.87
3044,8,8.87
3045,8,8.87
3046,8,8.87
3047,8,8.87
3048,8,8.87
3049,8,8.87
3050,8,8.87
3051,8,8.87
3052,8,8.87
3053,8,8.87
3054,8,8.87
3055,8,8.87
3056,8,8.87
3057,8,8.87
3058,8,8.87
3059,8,8.87
3060,8,8.87
3061,8,8.87
3062,8,8.87
3063,8,8.87
3064,8,8.87
3065,8,8.87
3066,8,8.87
3067,8,8.87
3068,8,8.87
3069,8,8.87
3070,8,8.87
3071,8,8.87
3072,8,8.87
3073,8,8.87
3074,8,8.87
3075,8,8.87
3076,8,8.87
3077,8,8.87
3078,8,8.87
3079,8,8.87
3080,8,8.87
3081,8,8.87
3082,8,8.87
3083,8,8.87
3084,8,8.87
3085,8,8.87
3086,8,8.87
3087,8,8.87
3088,8,8.87
3089,8,8.87
3090,8,8.87
3091,8,8.87
3092,8,8.87
3093,8,8.87
3094,8,8.87
3095,8,8.87
3096,8,8.87
3097,8,8.87
3098,8,8.87
3099,8,8.87
3100,8,8.87
3101,8,8.87
3102,8,8.87
3103,8,8.87
3104,8,8.87
3105,8,8.87
3106,8,8.87
3107,8,8.87
3108,8,8.87
3109,8,8.87
3110,8,8.87
3111,8,8.87
3112,8,8.87
3113,8,8.87
3114,8,8.87
3115,8,8.87
3116,8,8.87
3117,8,8.87
3118,8,8.87
3119,8,8.87
3120,8,8.87
3121,8,8.87
3122,8,8.87
3123,8,8.87
3124,8,8.87
3125,8,8.87
3126,8,8.87
3127,8,8.87
3128,8,8.87
3129,8,8.87
3130,8,8.87
3131,8,8.87
3132,8,8.87
3133,8,8.87
3134,8,8.87
3135,8,8.87
3136,8,8.87
3137,8,8.87
3138,8,8.87
3139,8,8.87
3140,8,8.87
3141,8,8.87
3142,8,8.87
3143,8,8.87
3144,8,8.87
3145,8,8.87
3146,8,8.87
3147,8,8.87
3148,8,8.87
3149,8,8.87
3150,8,8.87
3151,8,8.87
3152,8,8.87
3153,8,8.87
3154,8,8.87
3155,8,8.87
3156,8,8.87
3157,8,8.87
3158,8,8.87
3159,8,8.87
3160,8,8.87
3161,8,8.87
3162,8,8.87
3163,8,8.87
3164,8,8.87
3165,8,8.87
3166,8,8.87
3167,8,8.87
3168,8,8.87
3169,8,8.87
3170,8,8.87
3171,8,8.87
3172,8,8.87
3173,8,8.87
3174,8,8.87
3175,8,8.87
3176,8,8.87
3177,8,8.87
3178,8,8.87
3179,8,8.87
3180,8,8.87
3181,8,8.87
3182,8,8.87
3183,8,8.87
3184,8,8.87
3185,8,8.87
3186,8,8.87
3187,8,8.87
3188,8,8.87
3189,8,8.87
3190,8,8.87
3191,8,8.87
3192,8,8.87
3193,8,8.87
3194,8,8.87
3195,8,8.87
3196,8,8.87
3197,8,8.87
3198,8,8.87
3199,8,8.87
3200,8,8.87
3201,8,8.87
3202,8,8.87
3203,8,8.87
3204,8,8.87
3205,8,8.87
3206,8,8.87
3207,8,8.87
3208,8,8.87
3209,8,8.87
3210,8,8.87
3211,8,8.87
3212,8,8.87
3213,8,8.87
3214,8,8.87
3215,8,8.87
3216,8,8.87
3217,8,8.87
3218,8,8.87
3219,8,8.87
3220,8,8.87
3221,8,8.87
3222,8,8.87
3223,8,8.87
3224,8,8.87
3225,8,8.87
3226,8,8.87
3227,8,8.87
3228,8,8.87
3229,8,8.87
3230,8,8.87
3231,8,8.87
3232,8,8.87
3233,8,8.87
3234,8,8.87
3235,8,8.87
3236,8,8.87
3237,8,8.87
3238,8,8.87
3239,8,8.87
3240,8,8.87
3241,8,8.87
3242,8,8.87
3243,8,8.87
3244,8,8.87
3245,8,8.87
3246,8,8.87
3247,8,8.87
3248,9,11.88
3249,9,11.88
3250,9,11.88
3251,9,11.88
3252,9,11.88
3253,9,11.88
3254,9,11.88
3255,9,11.88
3256,9,11.88
3257,9,11.88
3258,9,11.88
3259,9,11.88
3260,9,11.88
3261,9,11.88
3262,9,11.88
3263,9,11.88
3264,9,11.88
3265,9,11.88
3266,9,11.88
3267,9,11.88
3268,9,11.88
3269,9,11.88
3270,9,11.88
3271,9,11.88
3272,9,11.88
3273,9,11.88
3274,9,11.88
3275,9,11.88
3276,9,11.88
3277,9,11.88
3278,9,11.88
3279,9,11.88
3280,9,11.88
3281,9,11.88
3282,9,11.88
3283,9,11.88
3284,9,11.88
3285,9,11.88
3286,9,11.88
3287,9,11.88
3288,9,11.88
3289,9,11.88
3290,9,11.88
3291,9,11.88
3292,9,11.88
3293,9,11.88
3294,9,11.88
3295,9,11.88
3296,9,11.88
3297,9,11.88
3298,9,11.88
3299,9,11.88
3300,9,11.88
3301,9,11.88
3302,9,11.88
3303,9,11.88
3304,9,11.88
3305,9,11.88
3306,9,11.88
3307,9,11.88
3308,9,11.88
3309,9,11.88
3310,9,11.88
3311,9,11.88
3312,9,11.88
3313,9,11.88
3314,9,11.88
3315,9,11.88
3316,9,11.88
3317,9,11.88
3318,9,11.88
3319,9,11.88
3320,9,11.88
3321,9,11.88
3322,9,11.88
3323,9,11.88
3324,9,11.88
3325,9,11.88
3326,9,11.88
3327,9,11.88
3328,9,11.88
3329,9,11.88
3330,9,11.88
3331,9,11.88
3332,9,11.88
3333,9,11.88
3334,9,11.88
3335,9,11.88
3336,9,11.88
3337,9,11.88
3338,9,11.88
3339,9,11.88
3340,9,11.88
3341,9,11.88
3342,9,11.88
3343,9,11.88
3344,9,11.88
3345,9,11.88
3346,9,11.88
3347,9,11.88
3348,9,11.88
3349,9,11.88
3350,9,11.88
3351,9,11.88
3352,9,11.88
3353,9,11.88
3354,9,11.88
3355,9,11.88
3356,9,11.88
3357,9,11.88
3358,9,11.88
3359,9,11.88
3360,9,11.88
3361,9,11.88
3362,9,11.88
3363,9,11.88
3364,9,11.88
3365,9,11.88
3366,9,11.88
3367,9,11.88
3368,9,11.88
3369,9,11.88
3370,9,11.88
3371,9,11.88
3372,9,11.88
3373,9,11.88
3374,9,11.88
3375,9,11.88
3376,9,11.88
3377,9,11.88
3378,9,11.88
3379,9,11.88
3380,9,11.88
3381,9,11.88
3382,9,11.88
3383,9,11.88
3384,9,11.88
3385,9,11.88
3386,9,11.88
3387,9,11.88
3388,9,11.88
3389,9,11.88
3390,9,11.88
3391,9,11.88
3392,9,11.88
3393,9,11.88
3394,9,11.88
3395,9,11.88
3396,9,11.88
3397,9,11.88
3398,9,11.88
3399,9,11.88
3400,9,11.88
3401,9,11.88
3402,9,11.88
3403,9,11.88
3404,9,11.88
3405,9,11.88
3406,9,11.88
3407,9,11.88
3408,9,11.88
3409,9,11.88
3410,9,11.88
3411,9,11.88
3412,9,11.88
3413,9,11.88
3414,9,11.88
3415,9,11.88
3416,9,11.88
3417,9,11.88
3418,9,11.88
3419,9,11.88
3420,9,11.88
3421,9,11.88
3422,9,11.88
3423,9,11.88
3424,9,11.88
3425,9,11.88
3426,9,11.88
3427,9,11.88
3428,9,11.88
3429,9,11.88
3430,9,11.88
3431,9,11.88
3432,9,11.88
3433,9,11.88
3434,9,11.88
3435,9,11.88
3436,9,11.88
3437,9,11.88
3438,9,11.88
3439,9,11.88
3440,9,11.88
3441,9,11.88
3442,9,11.88
3443,9,11.88
3444,9,11.88
3445,9,11.88
3446,9,11.88
3447,9,11.88
3448,9,11.88
3449,9,11.88
3450,9,11.88
3451,9,11.88
3452,9,11.88
3453,9,11.88
3454,9,11.88
3455,9,11.88
3456,9,11.88
3457,9,11.88
3458,9,11.88
3459,9,11.88
3460,9,11.88
3461,9,11.88
3462,9,11.88
3463,9,11.88
3464,9,11.88
3465,9,11.88
3466,9,11.88
3467,9,11.88
3468,9,11.88
3469,9,11.88
3470,9,11.88
3471,9,11.88
3472,9,11.88
3473,9,11.88
3474,9,11.88
3475,9,11.88
3476,9,11.88
3477,9,11.88
3478,9,11.88
3479,9,11.88
3480,9,11.88
3481,9,11.88
3482,9,11.88
3483,9,11.88
3484,9,11.88
3485,9,11.88
3486,9,11.88
3487,9,11.88
3488,9,11.88
3489,9,11.88
3490,9,11.88
3491,9,11.88
3492,9,11.88
3493,9,11.88
3494,9,11.88
3495,9,11.88
3496,9,11.88
3497,9,11.88
3498,9,11.88
3499,9,11.88
3500,9,11.88
3501,9,11.88
3502,9,11.88
3503,9,11.88
3504,9,11.88
3505,9,11.88
3506,9,11.88
3507,9,11.88
3508,9,11.88
3509,9,11.88
3510,9,11.88
3511,9,11.88
3512,9,11.88
3513,9,11.88
3514,9,11.88
3515,9,11.88
3516,9,11.88
3517,9,11.88
3518,9,11.88
3519,9,11.88
3520,9,11.88
3521,9,11.88
3522,9,11.88
3523,9,11.88
3524,9,11.88
3525,9,11.88
3526,9,11.88
3527,9,11.88
3528,9,11.88
3529,9,11.88
3530,9,11.88
3531,9,11.88
3532,9,11.88
3533,9,11.88
3534,9,11.88
3535,9,11.88
3536,9,11.88
3537,9,11.88
3538,9,11.88
3539,9,11.88
3540,9,11.88
3541,9,11.88
3542,9,11.88
3543,9,11.88
3544,9,11.88
3545,9,11.88
3546,9,11.88
3547,9,11.88
3548,9,11.88
3549,9,11.88
3550,9,11.88
3551,9,11.88
3552,9,11.88
3553,9,11.88
3554,9,11.88
3555,9,11.88
3556,9,11.88
3557,9,11.88
3558,9,11.88
3559,9,11.88
3560,9,11.88
3561,9,11.88
3562,9,11.88
3563,9,11.88
3564,9,11.88
3565,9,11.88
3566,9,11.88
3567,9,11.88
3568,9,11.88
3569,9,11.88
3570,9,11.88
3571,9,11.88
3572,9,11.88
3573,9,11.88
3574,9,11.88
3575,9,11.88
3576,9,11.88
3577,9,11.88
3578,9,11.88
3579,9,11.88
3580,9,11.88
3581,9,11.88
3582,9,11.88
3583,9,11.88
3584,9,11.88
3585,9,11.88
3586,9,11.88
3587,9,11.88
3588,9,11.88
3589,9,11.88
3590,9,11.88
3591,9,11.88
3592,9,11.88
3593,9,11.88
3594,9,11.88
3595,9,11.88
3596,9,11.88
3597,9,11.88
3598,9,11.88
3599,9,11.88
3600,9,11.88
3601,9,11.88
3602,9,11.88
3603,9,11.88
3604,9,11.88
3605,9,11.88
3606,9,11.88
3607,9,11.88
3608,9,11.88
3609,9,11.88
3610,9,11.88
3611,9,11.88
3612,9,11.88
3613,9,11.88
3614,9,11.88
3615,9,11.88
3616,9,11.88
3617,9,11.88
3618,9,11.88
3619,9,11.88
3620,9,11.88
3621,9,11.88
3622,9,11.88
3623,9,11.88
3624,9,11.88
3625,9,11.88
3626,9,11.88
3627,9,11.88
3628,9,11.88
3629,9,11.88
3630,9,11.88
3631,9,11.88
3632,9,11.88
3633,9,11.88
3634,9,11.88
3635,9,11.88
3636,9,11.88
3637,9,11.88
3638,9,11.88
3639,9,11.88
3640,9,11.88
3641,9,11.88
3642,9,11.88
3643,10,12.61
3644,10,12.61
3645,10,12.61
3646,10,12.61
3647,10,12.61
3648,10,12.61
3649,10,12.61
3650,10,12.61
3651,10,12.61
3652,10,12.61
3653,10,12.61
3654,10,12.61
3655,10,12.61
3656,10,12.61
3657,10,12.61
3658,10,12.61
3659,10,12.61
3660,10,12.61
3661,10,12.61
3662,10,12.61
3663,10,12.61
3664,10,12.61
3665,10,12.61
3666,10,12.61
3667,10,12.61
3668,10,12.61
3669,10,12.61
3670,10,12.61
3671,10,12.61
3672,10,12.61
3673,10,12.61
3674,10,12.61
3675,10,12.61
3676,10,12.61
3677,10,12.61
3678,10,12.61
3679,10,12.61
3680,10,12.61
3681,10,12.61
3682,10,12.61
3683,10,12.61
3684,10,12.61
3685,10,12.61
3686,10,12.61
3687,10,12.61
3688,10,12.61
3689,10,12.61
3690,10,12.61
3691,10,12.61
3692,10,12.61
3693,10,12.61
3694,10,12.61
3695,10,12.61
3696,10,12.61
3697,10,12.61
3698,10,12.61
3699,10,12.61
3700,10,12.61
3701,10,12.61
3702,10,12.61
3703,10,12.61
3704,10,12.61
3705,10,12.61
3706,10,12.61
3707,10,12.61
3708,10,12.61
3709,10,12.61
3710,10,12.61
3711,10,12.61
3712,10,12.61
3713,10,12.61
3714,10,12.61
3715,10,12.61
3716,10,12.61
3717,10,12.61
3718,10,12.61
3719,10,12.61
3720,10,12.61
3721,10,12.61
3722,10,12.61
3723,10,12.61
3724,10,12.61
3725,10,12.61
3726,10,12.61
3727,10,12.61
3728,10,12.61
3729,10,12.61
3730,10,12.61
3731,10,12.61
3732,10,12.61
3733,10,12.61
3734,10,12.61
3735,10,12.61
3736,10,12.61
3737,10,12.61
3738,10,12.61
3739,10,12.61
3740,10,12.61
3741,10,12.61
3742,10,12.61
3743,10,12.61
3744,10,12.61
3745,10,12.61
3746,10,12.61
3747,10,12.61
3748,10,12.61
3749,10,12.61
3750,10,12.61
3751,10,12.61
3752,10,12.61
3753,10,12.61
3754,10,12.61
3755,10,12.61
3756,10,12.61
3757,10,12.61
3758,10,12.61
3759,10,12.61
3760,10,12.61
3761,10,12.61
3762,10,12.61
3763,10,12.61
3764,10,12.61
3765,10,12.61
3766,10,12.61
3767,10,12.61
3768,10,12.61
3769,10,12.61
3770,10,12.61
3771,10,12.61
3772,10,12.61
3773,10,12.61
3774,10,12.61
3775,10,12.61
3776,10,12.61
3777,10,12.61
3778,10,12.61
3779,10,12.61
3780,10,12.61
3781,10,12.61
3782,10,12.61
3783,10,12.61
3784,10,12.61
3785,10,12.61
3786,10,12.61
3787,10,12.61
3788,10,12.61
3789,10,12.61
3790,10,12.61
3791,10,12.61
3792,10,12.61
3793,10,12.61
3794,10,12.61
3795,10,12.61
3796,10,12.61
3797,10,12.61
3798,10,12.61
3799,10,12.61
3800,10,12.61
3801,10,12.61
3802,10,12.61
3803,10,12.61
3804,10,12.61
3805,10,12.61
3806,10,12.61
3807,10,12.61
3808,10,12.61
3809,10,12.61
3810,10,12.61
3811,10,12.61
3812,10,12.61
3813,10,12.61
3814,10,12.61
3815,10,12.61
3816,10,12.61
3817,10,12.61
3818,10,12.61
3819,10,12.61
3820,10,12.61
3821,10,12.61
3822,10,12.61
3823,10,12.61
3824,10,12.61
3825,10,12.61
3826,10,12.61
3827,10,12.61
3828,10,12.61
3829,10,12.61
3830,10,12.61
3831,10,12.61
3832,10,12.61
3833,10,12.61
3834,10,12.61
3835,10,12.61
3836,10,12.61
3837,10,12.61
3838,10,12.61
3839,10,12.61
3840,10,12.61
3841,10,12.61
3842,10,12.61
3843,10,12.61
3844,10,12.61
3845,10,12.61
3846,10,12.61
3847,10,12.61
3848,10,12.61
3849,10,12.61
3850,10,12.61
3851,10,12.61
3852,10,12.61
3853,10,12.61
3854,10,12.61
3855,10,12.61
3856,10,12.61
3857,10,12.61
3858,10,12.61
3859,10,12.61
3860,10,12.61
3861,10,12.61
3862,10,12.61
3863,10,12.61
3864,10,12.61
3865,10,12.61
3866,10,12.61
3867,10,12.61
3868,10,12.61
3869,10,12.61
3870,10,12.61
3871,10,12.61
3872,10,12.61
3873,10,12.61
3874,10,12.61
3875,10,12.61
3876,10,12.61
3877,10,12.61
3878,10,12.61
3879,10,12.61
3880,10,12.61
3881,10,12.61
3882,10,12.61
3883,10,12.61
3884,10,12.61
3885,10,12.61
3886,10,12.61
3887,10,12.61
3888,10,12.61
3889,10,12.61
3890,10,12.61
3891,10,12.61
3892,10,12.61
3893,10,12.61
3894,10,12.61
3895,10,12.61
3896,10,12.61
3897,10,12.61
3898,10,12.61
3899,10,12.61
3900,10,12.61
3901,10,12.61
3902,10,12.61
3903,10,12.61
3904,10,12.61
3905,10,12.61
3906,10,12.61
3907,10,12.61
3908,10,12.61
3909,10,12.61
3910,10,12.61
3911,10,12.61
3912,10,12.61
3913,10,12.61
3914,10,12.61
3915,10,12.61
3916,10,12.61
3917,10,12.61
3918,10,12.61
3919,10,12.61
3920,10,12.61
3921,10,12.61
3922,10,12.61
3923,10,12.61
3924,10,12.61
3925,10,12.61
3926,10,12.61
3927,10,12.61
3928,10,12.61
3929,10,12.61
3930,10,12.61
3931,10,12.61
3932,10,12.61
3933,10,12.61
3934,10,12.61
3935,10,12.61
3936,10,12.61
3937,10,12.61
3938,10,12.61
3939,10,12.61
3940,10,12.61
3941,10,12.61
3942,10,12.61
3943,10,12.61
3944,10,12.61
3945,10,12.61
3946,10,12.61
3947,10,12.61
3948,10,12.61
3949,10,12.61
3950,10,12.61
3951,10,12.61
3952,10,12.61
3953,10,12.61
3954,10,12.61
3955,10,12.61
3956,10,12.61
3957,10,12.61
3958,10,12.61
3959,10,12.61
3960,10,12.61
3961,10,12.61
3962,10,12.61
3963,10,12.61
3964,10,12.61
3965,10,12.61
3966,10,12.61
3967,10,12.61
3968,10,12.61
3969,10,12.61
3970,10,12.61
3971,10,12.61
3972,10,12.61
3973,10,12.61
3974,10,12.61
3975,10,12.61
3976,10,12.61
3977,10,12.61
3978,10,12.61
3979,10,12.61
3980,10,12.61
3981,10,12.61
3982,10,12.61
3983,10,12.61
3984,10,12.61
3985,10,12.61
3986,11,14.69
3987,11,14.69
3988,11,14.69
3989,11,14.69
3990,11,14.69
3991,11,14.69
3992,11,14.69
3993,11,14.69
3994,11,14.69
3995,11,14.69
3996,11,14.69
3997,11,14.69
3998,11,14.69
3999,11,14.69
4000,11,14.69
4001,11,14.69
4002,11,14.69
4003,11,14.69
4004,11,14.69
4005,11,14.69
4006,11,14.69
4007,11,14.69
4008,11,14.69
4009,11,14.69
4010,11,14.69
4011,11,14.69
4012,11,14.69
4013,11,14.69
4014,11,14.69
4015,11,14.69
4016,11,14.69
4017,11,14.69
4018,11,14.69
4019,11,14.69
4020,11,14.69
4021,11,14.69
4022,11,14.69
4023,11,14.69
4024,11,14.69
4025,11,14.69
4026,11,14.69
4027,11,14.69
4028,11,14.69
4029,11,14.69
4030,11,14.69
4031,11,14.69
4032,11,14.69
4033,11,14.69
4034,11,14.69
4035,11,14.69
4036,11,14.69
4037,11,14.69
4038,11,14.69
4039,11,14.69
4040,11,14.69
4041,11,14.69
4042,11,14.69
4043,11,14.69
4044,11,14.69
4045,11,14.69
4046,11,14.69
4047,11,14.69
4048,11,14.69
4049,11,14.69
4050,11,14.69
4051,11,14.69
4052,11,14.69
4053,11,14.69
4054,11,14.69
4055,11,14.69
4056,11,14.69
4057,11,14.69
4058,11,14.69
4059,11,14.69
4060,11,14.69
4061,11,14.69
4062,11,14.69
4063,11,14.69
4064,11,14.69
4065,11,14.69
4066,11,14.69
4067,11,14.69
4068,11,14.69
4069,11,14.69
4070,11,14.69
4071,11,14.69
4072,11,14.69
4073,11,14.69
4074,11,14.69
4075,11,14.69
4076,11,14.69
4077,11,14.69
4078,11,14.69
4079,11,14.69
4080,11,14.69
4081,11,14.69
4082,11,14.69
4083,11,14.69
4084,11,14.69
4085,11,14.69
4086,11,14.69
4087,11,14.69
4088,11,14.69
4089,11,14.69
4090,11,14.69
4091,11,14.69
4092,11,14.69
4093,11,14.69
4094,11,14.69
4095,11,14.69
4096,11,14.69
4097,11,14.69
4098,11,14.69
4099,11,14.69
4100,11,14.69
4101,11,14.69
4102,11,14.69
4103,11,14.69
4104,11,14.69
4105,11,14.69
4106,11,14.69
4107,11,14.69
4108,11,14.69
4109,11,14.69
4110,11,14.69
4111,11,14.69
4112,11,14.69
4113,11,14.69
4114,11,14.69
4115,11,14.69
4116,11,14.69
4117,11,14.69
4118,11,14.69
4119,11,14.69
4120,11,14.69
4121,11,14.69
4122,11,14.69
4123,11,14.69
4124,11,14.69
4125,11,14.69
4126,11,14.69
4127,11,14.69
4128,11,14.69
4129,11,14.69
4130,11,14.69
4131,11,14.69
4132,11,14.69
4133,11,14.69
4134,11,14.69
4135,11,14.69
4136,11,14.69
4137,11,14.69
4138,11,14.69
4139,11,14.69
4140,11,14.69
4141,11,14.69
4142,11,14.69
4143,11,14.69
4144,11,14.69
4145,11,14.69
4146,11,14.69
4147,11,14.69
4148,11,14.69
4149,11,14.69
4150,11,14.69
4151,11,14.69
4152,11,14.69
4153,11,14.69
4154,11,14.69
4155,11,14.69
4156,11,14.69
4157,11,14.69
4158,11,14.69
4159,11,14.69
4160,11,14.69
4161,11,14.69
4162,11,14.69
4163,11,14.69
4164,11,14.69
4165,11,14.69
4166,11,14.69
4167,11,14.69
4168,11,14.69
4169,11,14.69
4170,11,14.69
4171,11,14.69
4172,11,14.69
4173,11,14.69
4174,11,14.69
4175,11,14.69
4176,11,14.69
4177,11,14.69
4178,11,14.69
4179,11,14.69
4180,11,14.69
4181,11,14.69
4182,11,14.69
4183,11,14.69
4184,11,14.69
4185,11,14.69
4186,11,14.69
4187,11,14.69
4188,11,14.69
4189,11,14.69
4190,11,14.69
4191,11,14.69
4192,11,14.69
4193,11,14.69
4194,11,14.69
4195,11,14.69
4196,11,14.69
4197,11,14.69
4198,11,14.69
4199,11,14.69
4200,11,14.69
4201,11,14.69
4202,11,14.69
4203,11,14.69
4204,11,14.69
4205,11,14.69
4206,11,14.69
4207,11,14.69
4208,11,14.69
4209,11,14.69
4210,11,14.69
4211,11,14.69
4212,11,14.69
4213,11,14.69
4214,11,14.69
4215,11,14.69
4216,11,14.69
4217,11,14.69
4218,11,14.69
4219,11,14.69
4220,11,14.69
4221,11,14.69
4222,11,14.69
4223,11,14.69
4224,11,14.69
4225,11,14.69
4226,11,14.69
4227,11,14.69
4228,11,14.69
4229,11,14.69
4230,11,14.69
4231,11,14.69
4232,11,14.69
4233,11,14.69
4234,11,14.69
4235,11,14.69
4236,11,14.69
4237,11,14.69
4238,11,14.69
4239,11,14.69
4240,11,14.69
4241,11,14.69
4242,11,14.69
4243,11,14.69
4244,11,14.69
4245,11,14.69
4246,11,14.69
4247,11,14.69
4248,11,14.69
4249,11,14.69
4250,11,14.69
4251,11,14.69
4252,11,14.69
4253,11,14.69
4254,11,14.69
4255,11,14.69
4256,11,14.69
4257,11,14.69
4258,11,14.69
4259,11,14.69
4260,11,14.69
4261,11,14.69
4262,11,14.69
4263,11,14.69
4264,11,14.69
4265,11,14.69
4266,11,14.69
4267,11,14.69
4268,11,14.69
4269,11,14.69
4270,11,14.69
4271,11,14.69
4272,11,14.69
4273,11,14.69
4274,11,14.69
4275,11,14.69
4276,11,14.69
4277,11,14.69
4278,11,14.69
4279,11,14.69
4280,11,14.69
4281,11,14.69
4282,11,14.69
4283,11,14.69
4284,11,14.69
4285,11,14.69
4286,11,14.69
4287,11,14.69
4288,11,14.69
4289,11,14.69
4290,11,14.69
4291,11,14.69
4292,11,14.69
4293,11,14.69
4294,11,14.69
4295,11,14.69
4296,11,14.69
4297,11,14.69
4298,11,14.69
4299,11,14.69
4300,11,14.69
4301,11,14.69
4302,11,14.69
4303,11,14.69
4304,11,14.69
4305,11,14.69
4306,11,14.69
4307,11,14.69
4308,11,14.69
4309,11,14.69
4310,11,14.69
4311,11,14.69
4312,11,14.69
4313,11,14.69
4314,11,14.69
4315,11,14.69
4316,11,14.69
4317,11,14.69
4318,11,14.69
4319,11,14.69
4320,11,14.69
4321,11,14.69
4322,11,14.69
4323,11,14.69
4324,11,14.69
4325,11,14.69
4326,11,14.69
4327,11,14.69
4328,11,14.69
4329,11,14.69
4330,11,14.69
4331,11,14.69
4332,11,14.69
4333,11,14.69
4334,11,14.69
4335,11,14.69
4336,11,14.69
4337,11,14.69
4338,11,14.69
4339,11,14.69
4340,11,14.69
4341,11,14.69
4342,11,14.69
4343,11,14.69
4344,11,14.69
4345,11,14.69
4346,11,14.69
4347,11,14.69
4348,11,14.69
4349,11,14.69
4350,11,14.69
4351,11,14.69
4352,11,14.69
4353,11,14.69
4354,11,14.69
4355,11,14.69
4356,11,14.69
4357,11,14.69
4358,11,14.69
4359,11,14.69
4360,11,14.69
4361,11,14.69
4362,11,14.69
4363,11,14.69
4364,11,14.69
4365,11,14.69
4366,11,14.69
4367,11,14.69
4368,11,14.69
4369,11,14.69
4370,11,14.69
4371,11,14.69
4372,11,14.69
4373,11,14.69
4374,11,14.69
4375,11,14.69
4376,11,14.69
4377,11,14.69
4378,11,14.69
4379,11,14.69
4380,11,14.69
4381,11,14.69
4382,11,14.69
4383,11,14.69
4384,11,14.69
4385,11,14.69
4386,11,14.69
4387,11,14.69
4388,11,14.69
4389,11,14.69
4390,11,14.69
4391,11,14.69
4392,11,14.69
4393,11,14.69
4394,11,14.69
4395,11,14.69
4396,11,14.69
4397,11,14.69
4398,11,14.69
4399,11,14.69
4400,11,14.69
4401,11,14.69
4402,11,14.69
4403,11,14.69
4404,11,14.69
4405,11,14.69
4406,11,14.69
4407,11,14.69
4408,11,14.69
4409,11,14.69
4410,11,14.69
4411,11,14.69
4412,11,14.69
4413,11,14.69
4414,11,14.69
4415,11,14.69
4416,11,14.69
4417,11,14.69
4418,11,14.69
4419,11,14.69
4420,11,14.69
4421,11,14.69
4422,11,14.69
4423,11,14.69
4424,11,14.69
4425,11,14.69
4426,11,14.69
4427,11,14.69
4428,11,14.69
4429,11,14.69
4430,11,14.69
4431,11,14.69
4432,11,14.69
4433,11,14.69
4434,11,14.69
4435,11,14.69
4436,11,14.69
4437,11,14.69
4438,11,14.69
4439,11,14.69
4440,11,14.69
4441,11,14.69
4442,11,14.69
4443,11,14.69
4444,11,14.69
4445,11,14.69
4446,11,14.69
4447,11,14.69
4448,11,14.69
4449,11,14.69
4450,11,14.69
4451,11,14.69
4452,11,14.69
4453,11,14.69
4454,11,14.69
4455,11,14.69
4456,12,15.91
4457,12,15.91
4458,12,15.91
4459,12,15.91
4460,12,15.91
4461,12,15.91
4462,12,15.91
4463,12,15.91
4464,12,15.91
4465,12,15.91
4466,12,15.91
4467,12,15.91
4468,12,15.91
4469,12,15.91
4470,12,15.91
4471,12,15.91
4472,12,15.91
4473,12,15.91
4474,12,15.91
4475,12,15.91
4476,12,15.91
4477,12,15.91
4478,12,15.91
4479,12,15.91
4480,12,15.91
4481,12,15.91
4482,12,15.91
4483,12,15.91
4484,12,15.91
4485,12,15.91
4486,12,15.91
4487,12,15.91
4488,12,15.91
4489,12,15.91
4490,12,15.91
4491,12,15.91
4492,12,15.91
4493,12,15.91
4494,12,15.91
4495,12,15.91
4496,12,15.91
4497,12,15.91
4498,12,15.91
4499,12,15.91
4500,12,15.91
4501,12,15.91
4502,12,15.91
4503,12,15.91
4504,12,15.91
4505,12,15.91
4506,12,15.91
4507,12,15.91
4508,12,15.91
4509,12,15.91
4510,12,15.91
4511,12,15.91
4512,12,15.91
4513,12,15.91
4514,12,15.91
4515,12,15.91
4516,12,15.91
4517,12,15.91
4518,12,15.91
4519,12,15.91
4520,12,15.91
4521,12,15.91
4522,12,15.91
4523,12,15.91
4524,12,15.91
4525,12,15.91
4526,12,15.91
4527,12,15.91
4528,12,15.91
4529,12,15.91
4530,12,15.91
4531,12,15.91
4532,12,15.91
4533,12,15.91
4534,12,15.91
4535,12,15.91
4536,12,15.91
4537,12,15.91
4538,12,15.91
4539,12,15.91
4540,12,15.91
4541,12,15.91
4542,12,15.91
4543,12,15.91
4544,12,15.91
4545,12,15.91
4546,12,15.91
4547,12,15.91
4548,12,15.91
4549,12,15.91
4550,12,15.91
4551,12,15.91
4552,12,15.91
4553,12,15.91
4554,12,15.91
4555,12,15.91
4556,12,15.91
4557,12,15.91
4558,12,15.91
4559,12,15.91
4560,12,15.91
4561,12,15.91
4562,12,15.91
4563,12,15.91
4564,12,15.91
4565,12,15.91
4566,12,15.91
4567,12,15.91
4568,12,15.91
4569,12,15.91
4570,12,15.91
4571,12,15.91
4572,12,15.91
4573,12,15.91
4574,12,15.91
4575,12,15.91
4576,12,15.91
4577,12,15.91
4578,12,15.91
4579,12,15.91
4580,12,15.91
4581,12,15.91
4582,12,15.91
4583,12,15.91
4584,12,15.91
4585,12,15.91
4586,12,15.91
4587,12,15.91
4588,12,15.91
4589,12,15.91
4590,12,15.91
4591,12,15.91
4592,12,15.91
4593,12,15.91
4594,12,15.91
4595,12,15.91
4596,12,15.91
4597,12,15.91
4598,12,15.91
4599,12,15.91
4600,12,15.91
4601,12,15.91
4602,12,15.91
4603,12,15.91
4604,12,15.91
4605,12,15.91
4606,12,15.91
4607,12,15.91
4608,12,15.91
4609,12,15.91
4610,12,15.91
4611,12,15.91
4612,12,15.91
4613,12,15.91
4614,12,15.91
4615,12,15.91
4616,12,15.91
4617,12,15.91
4618,12,15.91
4619,12,15.91
4620,12,15.91
4621,12,15.91
4622,12,15.91
4623,12,15.91
4624,12,15.91
4625,12,15.91
4626,12,15.91
4627,12,15.91
4628,12,15.91
4629,12,15.91
4630,12,15.91
4631,12,15.91
4632,12,15.91
4633,12,15.91
4634,12,15.91
4635,12,15.91
4636,12,15.91
4637,12,15.91
4638,12,15.91
4639,12,15.91
4640,12,15.91
4641,12,15.91
4642,12,15.91
4643,12,15.91
4644,12,15.91
4645,12,15.91
4646,12,15.91
4647,12,15.91
4648,12,15.91
4649,12,15.91
4650,12,15.91
4651,12,15.91
4652,12,15.91
4653,12,15.91
4654,12,15.91
4655,12,15.91
4656,12,15.91
4657,12,15.91
4658,12,15.91
4659,12,15.91
4660,12,15.91
4661,12,15.91
4662,12,15.91
4663,12,15.91
4664,12,15.91
4665,12,15.91
4666,12,15.91
4667,12,15.91
4668,12,15.91
4669,12,15.91
4670,12,15.91
4671,12,15.91
4672,12,15.91
4673,12,15.91
4674,12,15.91
4675,12,15.91
4676,12,15.91
4677,12,15.91
4678,12,15.91
4679,12,15.91
4680,12,15.91
4681,12,15.91
4682,12,15.91
4683,12,15.91
4684,12,15.91
4685,12,15.91
4686,12,15.91
4687,12,15.91
4688,12,15.91
4689,12,15.91
4690,12,15.91
4691,12,15.91
4692,12,15.91
4693,12,15.91
4694,12,15.91
4695,12,15.91
4696,12,15.91
4697,12,15.91
4698,12,15.91
4699,12,15.91
4700,12,15.91
4701,12,15.91
4702,12,15.91
4703,12,15.91
4704,12,15.91
4705,12,15.91
4706,12,15.91
4707,12,15.91
4708,12,15.91
4709,12,15.91
4710,12,15.91
4711,12,15.91
4712,12,15.91
4713,12,15.91
4714,12,15.91
4715,12,15.91
4716,12,15.91
4717,12,15.91
4718,12,15.91
4719,12,15.91
4720,12,15.91
4721,12,15.91
4722,12,15.91
4723,12,15.91
4724,12,15.91
4725,12,15.91
4726,12,15.91
4727,12,15.91
4728,12,15.91
4729,12,15.91
4730,12,15.91
4731,12,15.91
4732,12,15.91
4733,12,15.91
4734,12,15.91
4735,12,15.91
4736,12,15.91
4737,12,15.91
4738,12,15.91
4739,12,15.91
4740,12,15.91
4741,12,15.91
4742,12,15.91
4743,12,15.91
4744,12,15.91
4745,12,15.91
4746,12,15.91
4747,12,15.91
4748,12,15.91
4749,12,15.91
4750,12,15.91
4751,12,15.91
4752,12,15.91
4753,12,15.91
4754,12,15.91
4755,12,15.91
4756,13,16.49
4757,13,16.49
4758,13,16.49
4759,13,16.49
4760,13,16.49
4761,13,16.49
4762,13,16.49
4763,13,16.49
4764,13,16.49
4765,13,16.49
4766,13,16.49
4767,13,16.49
4768,13,16.49
4769,13,16.49
4770,13,16.49
4771,13,16.49
4772,13,16.49
4773,13,16.49
4774,13,16.49
4775,13,16.49
4776,13,16.49
4777,13,16.49
4778,13,16.49
4779,13,16.49
4780,13,16.49
4781,13,16.49
4782,13,16.49
4783,13,16.49
4784,13,16.49
4785,13,16.49
4786,13,16.49
4787,13,16.49
4788,13,16.49
4789,13,16.49
4790,13,16.49
4791,13,16.49
4792,13,16.49
4793,13,16.49
4794,13,16.49
4795,13,16.49
4796,13,16.49
4797,13,16.49
4798,13,16.49
4799,13,16.49
4800,13,16.49
4801,13,16.49
4802,13,16.49
4803,13,16.49
4804,13,16.49
4805,13,16.49
4806,13,16.49
4807,13,16.49
4808,13,16.49
4809,13,16.49
4810,13,16.49
4811,13,16.49
4812,13,16.49
4813,13,16.49
4814,13,16.49
4815,13,16.49
4816,13,16.49
4817,13,16.49
4818,13,16.49
4819,13,16.49
4820,13,16.49
4821,13,16.49
4822,13,16.49
4823,13,16.49
4824,13,16.49
4825,13,16.49
4826,13,16.49
4827,13,16.49
4828,13,16.49
4829,13,16.49
4830,13,16.49
4831,13,16.49
4832,13,16.49
4833,13,16.49
4834,13,16.49
4835,13,16.49
4836,13,16.49
4837,13,16.49
4838,13,16.49
4839,13,16.49
4840,13,16.49
4841,13,16.49
4842,13,16.49
4843,13,16.49
4844,13,16.49
4845,13,16.49
4846,13,16.49
4847,13,16.49
4848,13,16.49
4849,13,16.49
4850,13,16.49
4851,13,16.49
4852,13,16.49
4853,13,16.49
4854,13,16.49
4855,13,16.49
4856,13,16.49
4857,13,16.49
4858,13,16.49
4859,13,16.49
4860,13,16.49
4861,13,16.49
4862,13,16.49
4863,13,16.49
4864,13,16.49
4865,13,16.49
4866,13,16.49
4867,13,16.49
4868,13,16.49
4869,13,16.49
4870,13,16.49
4871,13,16.49
4872,13,16.49
4873,13,16.49
4874,13,16.49
4875,13,16.49
4876,13,16.49
4877,13,16.49
4878,13,16.49
4879,13,16.49
4880,13,16.49
4881,13,16.49
4882,13,16.49
4883,13,16.49
4884,13,16.49
4885,13,16.49
4886,13,16.49
4887,13,16.49
4888,13,16.49
4889,13,16.49
4890,13,16.49
4891,13,16.49
4892,13,16.49
4893,13,16.49
4894,13,16.49
4895,13,16.49
4896,13,16.49
4897,13,16.49
4898,13,16.49
4899,13,16.49
4900,13,16.49
4901,13,16.49
4902,13,16.49
4903,13,16.49
4904,13,16.49
4905,13,16.49
4906,13,16.49
4907,13,16.49
4908,13,16.49
4909,13,16.49
4910,13,16.49
4911,13,16.49
4912,13,16.49
4913,13,16.49
4914,13,16.49
4915,13,16.49
4916,13,16.49
4917,13,16.49
4918,13,16.49
4919,13,16.49
4920,13,16.49
4921,13,16.49
4922,13,16.49
4923,13,16.49
4924,13,16.49
4925,13,16.49
4926,13,16.49
4927,13,16.49
4928,13,16.49
4929,13,16.49
4930,13,16.49
4931,13,16.49
4932,13,16.49
4933,13,16.49
4934,13,16.49
4935,13,16.49
4936,13,16.49
4937,13,16.49
4938,13,16.49
4939,13,16.49
4940,13,16.49
4941,13,16.49
4942,13,16.49
4943,13,16.49
4944,13,16.49
4945,13,16.49
4946,13,16.49
4947,13,16.49
4948,13,16.49
4949,13,16.49
4950,13,16.49
4951,13,16.49
4952,13,16.49
4953,13,16.49
4954,13,16.49
4955,13,16.49
4956,13,16.49
4957,13,16.49
4958,13,16.49
4959,13,16.49
4960,13,16.49
4961,13,16.49
4962,13,16.49
4963,13,16.49
4964,13,16.49
4965,13,16.49
4966,13,16.49
4967,13,16.49
4968,13,16.49
4969,13,16.49
4970,13,16.49
4971,13,16.49
4972,13,16.49
4973,13,16.49
4974,13,16.49
4975,13,16.49
4976,13,16.49
4977,13,16.49
4978,13,16.49
4979,13,16.49
4980,13,16.49
4981,13,16.49
4982,13,16.49
4983,13,16.49
4984,13,16.49
4985,13,16.49
4986,13,16.49
4987,13,16.49
4988,13,16.49
4989,13,16.49
4990,13,16.49
4991,13,16.49
4992,13,16.49
4993,13,16.49
4994,13,16.49
4995,13,16.49
4996,13,16.49
4997,13,16.49
4998,13,16.49
4999,13,16.49
5000,13,16.49
5001,13,16.49
5002,13,16.49
5003,13,16.49
5004,13,16.49
5005,13,16.49
5006,13,16.49
5007,13,16.49
5008,13,16.49
5009,13,16.49
5010,13,16.49
5011,13,16.49
5012,13,16.49
5013,13,16.49
5014,13,16.49
5015,13,16.49
5016,13,16.49
5017,13,16.49
5018,13,16.49
5019,13,16.49
5020,13,16.49
5021,13,16.49
5022,13,16.49
5023,13,16.49
5024,13,16.49
5025,13,16.49
5026,13,16.49
5027,13,16.49
5028,13,16.49
5029,13,16.49
5030,13,16.49
5031,13,16.49
5032,13,16.49
5033,13,16.49
5034,13,16.49
5035,13,16.49
5036,13,16.49
5037,13,16.49
5038,13,16.49
5039,13,16.49
5040,13,16.49
5041,13,16.49
5042,13,16.49
5043,13,16.49
5044,13,16.49
5045,13,16.49
5046,13,16.49
5047,13,16.49
5048,13,16.49
5049,13,16.49
5050,13,16.49
5051,13,16.49
5052,13,16.49
5053,13,16.49
5054,13,16.49
5055,13,16.49
5056,13,16.49
5057,13,16.49
5058,13,16.49
5059,13,16.49
5060,13,16.49
5061,13,16.49
5062,13,16.49
5063,13,16.49
5064,13,16.49
5065,13,16.49
5066,13,16.49
5067,13,16.49
5068,13,16.49
5069,13,16.49
5070,13,16.49
5071,13,16.49
5072,13,16.49
5073,13,16.49
5074,13,16.49
5075,13,16.49
5076,13,16.49
5077,13,16.49
5078,13,16.49
5079,13,16.49
5080,13,16.49
5081,13,16.49
5082,13,16.49
5083,13,16.49
5084,13,16.49
5085,13,16.49
5086,13,16.49
5087,13,16.49
5088,13,16.49
5089,13,16.49
5090,13,16.49
5091,13,16.49
5092,13,16.49
5093,13,16.49
5094,13,16.49
5095,13,16.49
5096,13,16.49
5097,13,16.49
5098,13,16.49
5099,13,16.49
5100,13,16.49
5101,13,16.49
5102,13,16.49
5103,13,16.49
5104,13,16.49
5105,13,16.49
5106,14,16.87
5107,14,16.87
5108,14,16.87
5109,14,16.87
5110,14,16.87
5111,14,16.87
5112,14,16.87
5113,14,16.87
5114,14,16.87
5115,14,16.87
5116,14,16.87
5117,14,16.87
5118,14,16.87
5119,14,16.87
5120,14,16.87
5121,14,16.87
5122,14,16.87
5123,14,16.87
5124,14,16.87
5125,14,16.87
5126,14,16.87
5127,14,16.87
5128,14,16.87
5129,14,16.87
5130,14,16.87
5131,14,16.87
5132,14,16.87
5133,14,16.87
5134,14,16.87
5135,14,16.87
5136,14,16.87
5137,14,16.87
5138,14,16.87
5139,14,16.87
5140,14,16.87
5141,14,16.87
5142,14,16.87
5143,14,16.87
5144,14,16.87
5145,14,16.87
5146,14,16.87
5147,14,16.87
5148,14,16.87
5149,14,16.87
5150,14,16.87
5151,14,16.87
5152,14,16.87
5153,14,16.87
5154,14,16.87
5155,14,16.87
5156,14,16.87
5157,14,16.87
5158,14,16.87
5159,14,16.87
5160,14,16.87
5161,14,16.87
5162,14,16.87
5163,14,16.87
5164,14,16.87
5165,14,16.87
5166,14,16.87
5167,14,16.87
5168,14,16.87
5169,14,16.87
5170,14,16.87
5171,14,16.87
5172,14,16.87
5173,14,16.87
5174,14,16.87
5175,14,16.87
5176,14,16.87
5177,14,16.87
5178,14,16.87
5179,14,16.87
5180,14,16.87
5181,14,16.87
5182,14,16.87
5183,14,16.87
5184,14,16.87
5185,14,16.87
5186,14,16.87
5187,14,16.87
5188,14,16.87
5189,14,16.87
5190,14,16.87
5191,14,16.87
5192,14,16.87
5193,14,16.87
5194,14,16.87
5195,14,16.87
5196,14,16.87
5197,14,16.87
5198,14,16.87
5199,14,16.87
5200,14,16.87
5201,14,16.87
5202,14,16.87
5203,14,16.87
5204,14,16.87
5205,14,16.87
5206,14,16.87
5207,14,16.87
5208,14,16.87
5209,14,16.87
5210,14,16.87
5211,14,16.87
5212,14,16.87
5213,14,16.87
5214,14,16.87
5215,14,16.87
5216,14,16.87
5217,14,16.87
5218,14,16.87
5219,14,16.87
5220,14,16.87
5221,14,16.87
5222,14,16.87
5223,14,16.87
5224,14,16.87
5225,14,16.87
5226,14,16.87
5227,14,16.87
5228,14,16.87
5229,14,16.87
5230,14,16.87
5231,14,16.87
5232,14,16.87
5233,14,16.87
5234,14,16.87
5235,14,16.87
5236,14,16.87
5237,14,16.87
5238,14,16.87
5239,14,16.87
5240,14,16.87
5241,14,16.87
5242,14,16.87
5243,14,16.87
5244,14,16.87
5245,14,16.87
5246,14,16.87
5247,14,16.87
5248,14,16.87
5249,14,16.87
5250,14,16.87
5251,14,16.87
5252,14,16.87
5253,14,16.87
5254,14,16.87
5255,14,16.87
5256,14,16.87
5257,14,16.87
5258,14,16.87
5259,14,16.87
5260,14,16.87
5261,14,16.87
5262,14,16.87
5263,14,16.87
5264,14,16.87
5265,14,16.87
5266,14,16.87
5267,14,16.87
5268,14,16.87
5269,14,16.87
5270,14,16.87
5271,14,16.87
5272,14,16.87
5273,14,16.87
5274,14,16.87
5275,14,16.87
5276,14,16.87
5277,14,16.87
5278,14,16.87
5279,14,16.87
5280,14,16.87
5281,14,16.87
5282,14,16.87
5283,14,16.87
5284,14,16.87
5285,14,16.87
5286,14,16.87
5287,14,16.87
5288,14,16.87
5289,14,16.87
5290,14,16.87
5291,14,16.87
5292,14,16.87
5293,14,16.87
5294,14,16.87
5295,14,16.87
5296,14,16.87
5297,14,16.87
5298,14,16.87
5299,14,16.87
5300,14,16.87
5301,14,16.87
5302,14,16.87
5303,14,16.87
5304,14,16.87
5305,14,16.87
5306,14,16.87
5307,14,16.87
5308,14,16.87
5309,14,16.87
5310,14,16.87
5311,14,16.87
5312,14,16.87
5313,14,16.87
5314,14,16.87
5315,14,16.87
5316,14,16.87
5317,14,16.87
5318,14,16.87
5319,14,16.87
5320,14,16.87
5321,14,16.87
5322,14,16.87
5323,14,16.87
5324,14,16.87
5325,14,16.87
5326,14,16.87
5327,14,16.87
5328,14,16.87
5329,14,16.87
5330,14,16.87
5331,14,16.87
5332,14,16.87
5333,14,16.87
5334,14,16.87
5335,14,16.87
5336,14,16.87
5337,14,16.87
5338,14,16.87
5339,14,16.87
5340,14,16.87
5341,14,16.87
5342,14,16.87
5343,14,16.87
5344,14,16.87
5345,14,16.87
5346,14,16.87
5347,14,16.87
5348,14,16.87
5349,14,16.87
5350,14,16.87
5351,14,16.87
5352,14,16.87
5353,14,16.87
5354,14,16.87
5355,14,16.87
5356,14,16.87
5357,14,16.87
5358,14,16.87
5359,14,16.87
5360,14,16.87
5361,14,16.87
5362,14,16.87
5363,14,16.87
5364,14,16.87
5365,14,16.87
5366,14,16.87
5367,14,16.87
5368,14,16.87
5369,14,16.87
5370,14,16.87
5371,14,16.87
5372,14,16.87
5373,14,16.87
5374,14,16.87
5375,14,16.87
5376,14,16.87
5377,14,16.87
5378,14,16.87
5379,14,16.87
5380,14,16.87
5381,14,16.87
5382,14,16.87
5383,14,16.87
5384,14,16.87
5385,14,16.87
5386,14,16.87
5387,14,16.87
5388,14,16.87
5389,14,16.87
5390,14,16.87
5391,14,16.87
5392,14,16.87
5393,14,16.87
5394,14,16.87
5395,14,16.87
5396,14,16.87
5397,14,16.87
5398,14,16.87
5399,14,16.87
5400,14,16.87
5401,14,16.87
5402,14,16.87
5403,14,16.87
5404,14,16.87
5405,14,16.87
5406,14,16.87
5407,14,16.87
5408,14,16.87
5409,14,16.87
5410,14,16.87
5411,14,16.87
5412,14,16.87
5413,14,16.87
5414,14,16.87
5415,14,16.87
5416,14,16.87
5417,14,16.87
5418,14,16.87
5419,14,16.87
5420,14,16.87
5421,14,16.87
5422,14,16.87
5423,14,16.87
5424,14,16.87
5425,14,16.87
5426,14,16.87
5427,14,16.87
5428,14,16.87
5429,14,16.87
5430,14,16.87
5431,14,16.87
5432,14,16.87
5433,14,16.87
5434,14,16.87
5435,14,16.87
5436,14,16.87
5437,14,16.87
5438,14,16.87
5439,14,16.87
5440,14,16.87
5441,14,16.87
5442,14,16.87
5443,14,16.87
5444,14,16.87
5445,14,16.87
5446,14,16.87
5447,14,16.87
5448,14,16.87
5449,14,16.87
5450,14,16.87
5451,14,16.87
5452,14,16.87
5453,14,16.87
5454,14,16.87
5455,14,16.87
5456,14,16.87
5457,14,16.87
5458,14,16.87
5459,14,16.87
5460,14,16.87
5461,14,16.87
5462,14,16.87
5463,14,16.87
5464,14,16.87
5465,14,16.87
5466,14,16.87
5467,14,16.87
5468,14,16.87
5469,14,16.87
5470,14,16.87
5471,14,16.87
5472,14,16.87
5473,14,16.87
5474,14,16.87
5475,14,16.87
5476,14,16.87
5477,14,16.87
5478,14,16.87
5479,14,16.87
5480,14,16.87
5481,14,16.87
5482,14,16.87
5483,14,16.87
5484,14,16.87
5485,14,16.87
5486,14,16.87
5487,14,16.87
5488,14,16.87
5489,14,16.87
5490,14,16.87
5491,14,16.87
5492,14,16.87
5493,14,16.87
5494,14,16.87
5495,14,16.87
5496,14,16.87
5497,14,16.87
5498,14,16.87
5499,14,16.87
5500,14,16.87
5501,14,16.87
5502,14,16.87
5503,14,16.87
5504,14,16.87
5505,14,16.87
5506,14,16.87
5507,14,16.87
5508,14,16.87
5509,14,16.87
5510,14,16.87
5511,14,16.87
5512,14,16.87
5513,14,16.87
5514,14,16.87
5515,14,16.87
5516,14,16.87
5517,14,16.87
5518,14,16.87
5519,14,16.87
5520,14,16.87
5521,14,16.87
5522,14,16.87
5523,14,16.87
5524,14,16.87
5525,14,16.87
5526,14,16.87
5527,14,16.87
5528,14,16.87
5529,14,16.87
5530,14,16.87
5531,14,16.87
5532,14,16.87
5533,14,16.87
5534,14,16.87
5535,14,16.87
5536,14,16.87
5537,14,16.87
5538,14,16.87
5539,14,16.87
5540,14,16.87
5541,14,16.87
5542,14,16.87
5543,14,16.87
5544,14,16.87
5545,14,16.87
5546,14,16.87
5547,14,16.87
5548,14,16.87
5549,14,16.87
5550,14,16.87
5551,14,16.87
5552,14,16.87
5553,14,16.87
5554,14,16.87
5555,14,16.87
5556,14,16.87
5557,14,16.87
5558,14,16.87
5559,14,16.87
5560,14,16.87
5561,14,16.87
5562,14,16.87
5563,14,16.87
5564,14,16.87
5565,14,16.87
5566,14,16.87
5567,14,16.87
5568,14,16.87
5569,14,16.87
5570,14,16.87
5571,14,16.87
5572,14,16.87
5573,14,16.87
5574,14,16.87
5575,14,16.87
5576,14,16.87
5577,14,16.87
5578,14,16.87
5579,14,16.87
5580,14,16.87
5581,14,16.87
5582,14,16.87
5583,14,16.87
5584,14,16.87
5585,14,16.87
5586,14,16.87
5587,14,16.87
5588,14,16.87
5589,14,16.87
5590,14,16.87
5591,14,16.87
5592,14,16.87
5593,14,16.87
5594,14,16.87
5595,14,16.87
5596,14,16.87
5597,14,16.87
5598,14,16.87
5599,14,16.87
5600,14,16.87
5601,14,16.87
5602,14,16.87
5603,15,18.7
5604,15,18.7
5605,15,18.7
5606,15,18.7
5607,15,18.7
5608,15,18.7
5609,15,18.7
5610,15,18.7
5611,15,18.7
5612,15,18.7
5613,15,18.7
5614,15,18.7
5615,15,18.7
5616,15,18.7
5617,15,18.7
5618,15,18.7
5619,15,18.7
5620,15,18.7
5621,15,18.7
5622,15,18.7
5623,15,18.7
5624,15,18.7
5625,15,18.7
5626,15,18.7
5627,15,18.7
5628,15,18.7
5629,15,18.7
5630,15,18.7
5631,15,18.7
5632,15,18.7
5633,15,18.7
5634,15,18.7
5635,15,18.7
5636,15,18.7
5637,15,18.7
5638,15,18.7
5639,15,18.7
5640,15,18.7
5641,15,18.7
5642,15,18.7
5643,15,18.7
5644,15,18.7
5645,15,18.7
5646,15,18.7
5647,15,18.7
5648,15,18.7
5649,15,18.7
5650,15,18.7
5651,15,18.7
5652,15,18.7
5653,15,18.7
5654,15,18.7
5655,15,18.7
5656,15,18.7
5657,15,18.7
5658,15,18.7
5659,15,18.7
5660,15,18.7
5661,15,18.7
5662,15,18.7
5663,15,18.7
5664,15,18.7
5665,15,18.7
5666,15,18.7
5667,15,18.7
5668,15,18.7
5669,15,18.7
5670,15,18.7
5671,15,18.7
5672,15,18.7
5673,15,18.7
5674,15,18.7
5675,15,18.7
5676,15,18.7
5677,15,18.7
5678,15,18.7
5679,15,18.7
5680,15,18.7
5681,15,18.7
5682,15,18.7
5683,15,18.7
5684,15,18.7
5685,15,18.7
5686,15,18.7
5687,15,18.7
5688,15,18.7
5689,15,18.7
5690,15,18.7
5691,15,18.7
5692,15,18.7
5693,15,18.7
5694,15,18.7
5695,15,18.7
5696,15,18.7
5697,15,18.7
5698,15,18.7
5699,15,18.7
5700,15,18.7
5701,15,18.7
5702,15,18.7
5703,15,18.7
5704,15,18.7
5705,15,18.7
5706,15,18.7
5707,15,18.7
5708,15,18.7
5709,15,18.7
5710,15,18.7
5711,15,18.7
5712,15,18.7
5713,15,18.7
5714,15,18.7
5715,15,18.7
5716,15,18.7
5717,15,18.7
5718,15,18.7
5719,15,18.7
5720,15,18.7
5721,15,18.7
5722,15,18.7
5723,15,18.7
5724,15,18.7
5725,15,18.7
5726,15,18.7
5727,15,18.7
5728,15,18.7
5729,15,18.7
5730,15,18.7
5731,15,18.7
5732,15,18.7
5733,15,18.7
5734,15,18.7
5735,15,18.7
5736,15,18.7
5737,15,18.7
5738,15,18.7
5739,15,18.7
5740,15,18.7
5741,15,18.7
5742,15,18.7
5743,15,18.7
5744,15,18.7
5745,15,18.7
5746,15,18.7
5747,15,18.7
5748,15,18.7
5749,15,18.7
5750,15,18.7
5751,15,18.7
5752,15,18.7
5753,15,18.7
5754,15,18.7
5755,15,18.7
5756,15,18.7
5757,15,18.7
5758,15,18.7
5759,15,18.7
5760,15,18.7
5761,15,18.7
5762,15,18.7
5763,15,18.7
5764,15,18.7
5765,15,18.7
5766,15,18.7
5767,15,18.7
5768,15,18.7
5769,15,18.7
5770,15,18.7
5771,15,18.7
5772,15,18.7
5773,15,18.7
5774,15,18.7
5775,15,18.7
5776,15,18.7
5777,15,18.7
5778,15,18.7
5779,15,18.7
5780,15,18.7
5781,15,18.7
5782,15,18.7
5783,15,18.7
5784,15,18.7
5785,15,18.7
5786,15,18.7
5787,15,18.7
5788,15,18.7
5789,15,18.7
5790,15,18.7
5791,15,18.7
5792,15,18.7
5793,15,18.7
5794,15,18.7
5795,15,18.7
5796,15,18.7
5797,15,18.7
5798,15,18.7
5799,15,18.7
5800,15,18.7
5801,15,18.7
5802,15,18.7
5803,15,18.7
5804,15,18.7
5805,15,18.7
5806,15,18.7
5807,15,18.7
5808,15,18.7
5809,15,18.7
5810,15,18.7
5811,15,18.7
5812,15,18.7
5813,15,18.7
5814,15,18.7
5815,15,18.7
5816,15,18.7
5817,15,18.7
5818,15,18.7
5819,15,18.7
5820,15,18.7
5821,15,18.7
5822,15,18.7
5823,15,18.7
5824,15,18.7
5825,15,18.7
5826,15,18.7
5827,15,18.7
5828,15,18.7
5829,15,18.7
5830,15,18.7
5831,15,18.7
5832,15,18.7
5833,15,18.7
5834,15,18.7
5835,15,18.7
5836,15,18.7
5837,15,18.7
5838,15,18.7
5839,15,18.7
5840,15,18.7
5841,15,18.7
5842,15,18.7
5843,15,18.7
5844,15,18.7
5845,15,18.7
5846,15,18.7
5847,15,18.7
5848,15,18.7
5849,15,18.7
5850,15,18.7
5851,15,18.7
5852,15,18.7
5853,15,18.7
5854,15,18.7
5855,15,18.7
5856,15,18.7
5857,15,18.7
5858,15,18.7
5859,15,18.7
5860,15,18.7
5861,15,18.7
5862,15,18.7
5863,15,18.7
5864,15,18.7
5865,15,18.7
5866,15,18.7
5867,15,18.7
5868,15,18.7
5869,15,18.7
5870,15,18.7
5871,15,18.7
5872,15,18.7
5873,15,18.7
5874,15,18.7
5875,15,18.7
5876,15,18.7
5877,15,18.7
5878,15,18.7
5879,15,18.7
5880,15,18.7
5881,15,18.7
5882,15,18.7
5883,15,18.7
5884,15,18.7
5885,15,18.7
5886,15,18.7
5887,15,18.7
5888,15,18.7
5889,15,18.7
5890,15,18.7
5891,15,18.7
5892,15,18.7
5893,15,18.7
5894,15,18.7
5895,15,18.7
5896,15,18.7
5897,15,18.7
5898,15,18.7
5899,15,18.7
5900,15,18.7
5901,15,18.7
5902,15,18.7
5903,15,18.7
5904,15,18.7
5905,15,18.7
5906,15,18.7
5907,15,18.7
5908,15,18.7
5909,15,18.7
5910,15,18.7
5911,15,18.7
5912,15,18.7
5913,15,18.7
5914,15,18.7
5915,15,18.7
5916,15,18.7
5917,15,18.7
5918,15,18.7
5919,15,18.7
5920,15,18.7
5921,15,18.7
5922,15,18.7
5923,15,18.7
5924,15,18.7
5925,15,18.7
5926,15,18.7
5927,15,18.7
5928,15,18.7
5929,15,18.7
5930,15,18.7
5931,15,18.7
5932,15,18.7
5933,15,18.7
5934,15,18.7
5935,15,18.7
5936,15,18.7
5937,15,18.7
5938,15,18.7
5939,15,18.7
5940,15,18.7
5941,15,18.7
5942,15,18.7
5943,15,18.7
5944,15,18.7
5945,15,18.7
5946,15,18.7
5947,15,18.7
5948,15,18.7
5949,15,18.7
5950,15,18.7
5951,15,18.7
5952,15,18.7
5953,15,18.7
5954,15,18.7
5955,15,18.7
5956,15,18.7
5957,15,18.7
5958,15,18.7
5959,15,18.7
5960,15,18.7
5961,15,18.7
5962,15,18.7
5963,15,18.7
5964,15,18.7
5965,15,18.7
5966,15,18.7
5967,15,18.7
5968,15,18.7
5969,15,18.7
5970,15,18.7
5971,15,18.7
5972,15,18.7
5973,15,18.7
5974,15,18.7
5975,15,18.7
5976,15,18.7
5977,15,18.7
5978,15,18.7
5979,15,18.7
5980,15,18.7
5981,15,18.7
5982,15,18.7
5983,15,18.7
5984,15,18.7
5985,15,18.7
5986,15,18.7
5987,15,18.7
5988,15,18.7
5989,15,18.7
5990,15,18.7
5991,15,18.7
5992,15,18.7
5993,15,18.7
5994,15,18.7
5995,15,18.7
5996,15,18.7
5997,15,18.7
5998,15,18.7
5999,15,18.7
6000,15,18.7
6001,15,18.7
6002,15,18.7
6003,15,18.7
6004,15,18.7
6005,15,18.7
6006,15,18.7
6007,15,18.7
6008,15,18.7
6009,15,18.7
6010,15,18.7
6011,15,18.7
6012,15,18.7
6013,15,18.7
6014,15,18.7
6015,15,18.7
6016,15,18.7
6017,15,18.7
6018,15,18.7
6019,15,18.7
6020,15,18.7
6021,15,18.7
6022,15,18.7
6023,15,18.7
6024,15,18.7
6025,15,18.7
6026,15,18.7
6027,15,18.7
6028,15,18.7
6029,15,18.7
6030,15,18.7
6031,15,18.7
6032,15,18.7
6033,15,18.7
6034,15,18.7
6035,15,18.7
6036,15,18.7
6037,15,18.7
6038,15,18.7
6039,15,18.7
6040,15,18.7
6041,15,18.7
6042,15,18.7
6043,15,18.7
6044,15,18.7
6045,15,18.7
6046,15,18.7
6047,15,18.7
6048,15,18.7
6049,15,18.7
6050,15,18.7
6051,15,18.7
6052,15,18.7
6053,15,18.7
6054,15,18.7
6055,15,18.7
6056,15,18.7
6057,15,18.7
6058,15,18.7
6059,15,18.7
6060,15,18.7
6061,16,20.71
6062,16,20.71
6063,16,20.71
6064,16,20.71
6065,16,20.71
6066,16,20.71
6067,16,20.71
6068,16,20.71
6069,16,20.71
6070,16,20.71
6071,16,20.71
6072,16,20.71
6073,16,20.71
6074,16,20.71
6075,16,20.71
6076,16,20.71
6077,16,20.71
6078,16,20.71
6079,16,20.71
6080,16,20.71
6081,16,20.71
6082,16,20.71
6083,16,20.71
6084,16,20.71
6085,16,20.71
6086,16,20.71
6087,16,20.71
6088,16,20.71
6089,16,20.71
6090,16,20.71
6091,16,20.71
6092,16,20.71
6093,16,20.71
6094,16,20.71
6095,16,20.71
6096,16,20.71
6097,16,20.71
6098,16,20.71
6099,16,20.71
6100,16,20.71
6101,16,20.71
6102,16,20.71
6103,16,20.71
6104,16,20.71
6105,16,20.71
6106,16,20.71
6107,16,20.71
6108,16,20.71
6109,16,20.71
6110,16,20.71
6111,16,20.71
6112,16,20.71
6113,16,20.71
6114,16,20.71
6115,16,20.71
6116,16,20.71
6117,16,20.71
6118,16,20.71
6119,16,20.71
6120,16,20.71
6121,16,20.71
6122,16,20.71
6123,16,20.71
6124,16,20.71
6125,16,20.71
6126,16,20.71
6127,16,20.71
6128,16,20.71
6129,16,20.71
6130,16,20.71
6131,16,20.71
6132,16,20.71
6133,16,20.71
6134,16,20.71
6135,16,20.71
6136,16,20.71
6137,16,20.71
6138,16,20.71
6139,16,20.71
6140,16,20.71
6141,16,20.71
6142,16,20.71
6143,16,20.71
6144,16,20.71
6145,16,20.71
6146,16,20.71
6147,16,20.71
6148,16,20.71
6149,16,20.71
6150,16,20.71
6151,16,20.71
6152,16,20.71
6153,16,20.71
6154,16,20.71
6155,16,20.71
6156,16,20.71
6157,16,20.71
6158,16,20.71
6159,16,20.71
6160,16,20.71
6161,16,20.71
6162,16,20.71
6163,16,20.71
6164,16,20.71
6165,16,20.71
6166,16,20.71
6167,16,20.71
6168,16,20.71
6169,16,20.71
6170,16,20.71
6171,16,20.71
6172,16,20.71
6173,16,20.71
6174,16,20.71
6175,16,20.71
6176,16,20.71
6177,16,20.71
6178,16,20.71
6179,16,20.71
6180,16,20.71
6181,16,20.71
6182,16,20.71
6183,16,20.71
6184,16,20.71
6185,16,20.71
6186,16,20.71
6187,16,20.71
6188,16,20.71
6189,16,20.71
6190,16,20.71
6191,16,20.71
6192,16,20.71
6193,16,20.71
6194,16,20.71
6195,16,20.71
6196,16,20.71
6197,16,20.71
6198,16,20.71
6199,16,20.71
6200,16,20.71
6201,16,20.71
6202,16,20.71
6203,16,20.71
6204,16,20.71
6205,16,20.71
6206,16,20.71
6207,16,20.71
6208,16,20.71
6209,16,20.71
6210,16,20.71
6211,16,20.71
6212,16,20.71
6213,16,20.71
6214,16,20.71
6215,16,20.71
6216,16,20.71
6217,16,20.71
6218,16,20.71
6219,16,20.71
6220,16,20.71
6221,16,20.71
6222,16,20.71
6223,16,20.71
6224,16,20.71
6225,16,20.71
6226,16,20.71
6227,16,20.71
6228,16,20.71
6229,16,20.71
6230,16,20.71
6231,16,20.71
6232,16,20.71
6233,16,20.71
6234,16,20.71
6235,16,20.71
6236,16,20.71
6237,16,20.71
6238,16,20.71
6239,16,20.71
6240,16,20.71
6241,16,20.71
6242,16,20.71
6243,16,20.71
6244,16,20.71
6245,16,20.71
6246,16,20.71
6247,16,20.71
6248,16,20.71
6249,16,20.71
6250,16,20.71
6251,16,20.71
6252,16,20.71
6253,16,20.71
6254,16,20.71
6255,16,20.71
6256,16,20.71
6257,16,20.71
6258,16,20.71
6259,16,20.71
6260,16,20.71
6261,16,20.71
6262,16,20.71
6263,16,20.71
6264,16,20.71
6265,16,20.71
6266,16,20.71
6267,16,20.71
6268,16,20.71
6269,16,20.71
6270,16,20.71
6271,16,20.71
6272,16,20.71
6273,16,20.71
6274,16,20.71
6275,16,20.71
6276,16,20.71
6277,16,20.71
6278,16,20.71
6279,16,20.71
6280,16,20.71
6281,16,20.71
6282,16,20.71
6283,16,20.71
6284,16,20.71
6285,16,20.71
6286,16,20.71
6287,16,20.71
6288,16,20.71
6289,16,20.71
6290,16,20.71
6291,16,20.71
6292,16,20.71
6293,16,20.71
6294,16,20.71
6295,16,20.71
6296,16,20.71
6297,16,20.71
6298,16,20.71
6299,16,20.71
6300,16,20.71
6301,16,20.71
6302,16,20.71
6303,16,20.71
6304,16,20.71
6305,16,20.71
6306,16,20.71
6307,16,20.71
6308,16,20.71
6309,16,20.71
6310,16,20.71
6311,16,20.71
6312,16,20.71
6313,16,20.71
6314,16,20.71
6315,16,20.71
6316,16,20.71
6317,16,20.71
6318,16,20.71
6319,16,20.71
6320,16,20.71
6321,16,20.71
6322,16,20.71
6323,16,20.71
6324,16,20.71
6325,16,20.71
6326,16,20.71
6327,16,20.71
6328,16,20.71
6329,16,20.71
6330,16,20.71
6331,16,20.71
6332,16,20.71
6333,16,20.71
6334,16,20.71
6335,16,20.71
6336,16,20.71
6337,16,20.71
6338,16,20.71
6339,16,20.71
6340,16,20.71
6341,16,20.71
6342,16,20.71
6343,16,20.71
6344,16,20.71
6345,16,20.71
6346,16,20.71
6347,16,20.71
6348,16,20.71
6349,16,20.71
6350,16,20.71
6351,16,20.71
6352,16,20.71
6353,16,20.71
6354,16,20.71
6355,16,20.71
6356,16,20.71
6357,16,20.71
6358,16,20.71
6359,16,20.71
6360,16,20.71
6361,16,20.71
6362,16,20.71
6363,16,20.71
6364,16,20.71
6365,16,20.71
6366,16,20.71
6367,16,20.71
6368,16,20.71
6369,16,20.71
6370,16,20.71
6371,16,20.71
6372,16,20.71
6373,16,20.71
6374,16,20.71
6375,16,20.71
6376,16,20.71
6377,16,20.71
6378,16,20.71
6379,16,20.71
6380,16,20.71
6381,16,20.71
6382,16,20.71
6383,16,20.71
6384,16,20.71
6385,16,20.71
6386,16,20.71
6387,16,20.71
6388,16,20.71
6389,16,20.71
6390,16,20.71
6391,16,20.71
6392,16,20.71
6393,16,20.71
6394,16,20.71
6395,16,20.71
6396,16,20.71
6397,16,20.71
6398,16,20.71
6399,16,20.71
6400,16,20.71
6401,16,20.71
6402,16,20.71
6403,16,20.71
6404,16,20.71
6405,16,20.71
6406,16,20.71
6407,16,20.71
6408,16,20.71
6409,16,20.71
6410,16,20.71
6411,16,20.71
6412,16,20.71
6413,16,20.71
6414,16,20.71
6415,16,20.71
6416,16,20.71
6417,16,20.71
6418,16,20.71
6419,16,20.71
6420,16,20.71
6421,16,20.71
6422,16,20.71
6423,16,20.71
6424,16,20.71
6425,16,20.71
6426,16,20.71
6427,16,20.71
6428,16,20.71
6429,16,20.71
6430,16,20.71
6431,16,20.71
6432,16,20.71
6433,16,20.71
6434,16,20.71
6435,16,20.71
6436,16,20.71
6437,16,20.71
6438,16,20.71
6439,16,20.71
6440,16,20.71
6441,16,20.71
6442,16,20.71
6443,16,20.71
6444,16,20.71
6445,16,20.71
6446,16,20.71
6447,16,20.71
6448,16,20.71
6449,16,20.71
6450,16,20.71
6451,16,20.71
6452,16,20.71
6453,16,20.71
6454,16,20.71
6455,16,20.71
6456,16,20.71
6457,17,20.98
6458,17,20.98
6459,17,20.98
6460,17,20.98
6461,17,20.98
6462,17,20.98
6463,17,20.98
6464,17,20.98
6465,17,20.98
6466,17,20.98
6467,17,20.98
6468,17,20.98
6469,17,20.98
6470,17,20.98
6471,17,20.98
6472,17,20.98
6473,17,20.98
6474,17,20.98
6475,17,20.98
6476,17,20.98
6477,17,20.98
6478,17,20.98
6479,17,20.98
6480,17,20.98
6481,17,20.98
6482,17,20.98
6483,17,20.98
6484,17,20.98
6485,17,20.98
6486,17,20.98
6487,17,20.98
6488,17,20.98
6489,17,20.98
6490,17,20.98
6491,17,20.98
6492,17,20.98
6493,17,20.98
6494,17,20.98
6495,17,20.98
6496,17,20.98
6497,17,20.98
6498,17,20.98
6499,17,20.98
6500,17,20.98
6501,17,20.98
6502,17,20.98
6503,17,20.98
6504,17,20.98
6505,17,20.98
6506,17,20.98
6507,17,20.98
6508,17,20.98
6509,17,20.98
6510,17,20.98
6511,17,20.98
6512,17,20.98
6513,17,20.98
6514,17,20.98
6515,17,20.98
6516,17,20.98
6517,17,20.98
6518,17,20.98
6519,17,20.98
6520,17,20.98
6521,17,20.98
6522,17,20.98
6523,17,20.98
6524,17,20.98
6525,17,20.98
6526,17,20.98
6527,17,20.98
6528,17,20.98
6529,17,20.98
6530,17,20.98
6531,17,20.98
6532,17,20.98
6533,17,20.98
6534,17,20.98
6535,17,20.98
6536,17,20.98
6537,17,20.98
6538,17,20.98
6539,17,20.98
6540,17,20.98
6541,17,20.98
6542,17,20.98
6543,17,20.98
6544,17,20.98
6545,17,20.98
6546,17,20.98
6547,17,20.98
6548,17,20.98
6549,17,20.98
6550,17,20.98
6551,17,20.98
6552,17,20.98
6553,17,20.98
6554,17,20.98
6555,17,20.98
6556,17,20.98
6557,17,20.98
6558,17,20.98
6559,17,20.98
6560,17,20.98
6561,17,20.98
6562,17,20.98
6563,17,20.98
6564,17,20.98
6565,17,20.98
6566,17,20.98
6567,17,20.98
6568,17,20.98
6569,17,20.98
6570,17,20.98
6571,17,20.98
6572,17,20.98
6573,17,20.98
6574,17,20.98
6575,17,20.98
6576,17,20.98
6577,17,20.98
6578,17,20.98
6579,17,20.98
6580,17,20.98
6581,17,20.98
6582,17,20.98
6583,17,20.98
6584,17,20.98
6585,17,20.98
6586,17,20.98
6587,17,20.98
6588,17,20.98
6589,17,20.98
6590,17,20.98
6591,17,20.98
6592,17,20.98
6593,17,20.98
6594,17,20.98
6595,17,20.98
6596,17,20.98
6597,17,20.98
6598,17,20.98
6599,17,20.98
6600,17,20.98
6601,17,20.98
6602,17,20.98
6603,17,20.98
6604,17,20.98
6605,17,20.98
6606,17,20.98
6607,17,20.98
6608,17,20.98
6609,17,20.98
6610,17,20.98
6611,17,20.98
6612,17,20.98
6613,17,20.98
6614,17,20.98
6615,17,20.98
6616,17,20.98
6617,17,20.98
6618,17,20.98
6619,17,20.98
6620,17,20.98
6621,17,20.98
6622,17,20.98
6623,17,20.98
6624,17,20.98
6625,17,20.98
6626,17,20.98
6627,17,20.98
6628,17,20.98
6629,17,20.98
6630,17,20.98
6631,17,20.98
6632,17,20.98
6633,17,20.98
6634,17,20.98
6635,17,20.98
6636,17,20.98
6637,17,20.98
6638,17,20.98
6639,17,20.98
6640,17,20.98
6641,17,20.98
6642,17,20.98
6643,17,20.98
6644,17,20.98
6645,17,20.98
6646,17,20.98
6647,17,20.98
6648,17,20.98
6649,17,20.98
6650,17,20.98
6651,17,20.98
6652,17,20.98
6653,17,20.98
6654,17,20.98
6655,17,20.98
6656,17,20.98
6657,17,20.98
6658,17,20.98
6659,17,20.98
6660,17,20.98
6661,17,20.98
6662,17,20.98
6663,17,20.98
6664,17,20.98
6665,17,20.98
6666,17,20.98
6667,17,20.98
6668,17,20.98
6669,17,20.98
6670,17,20.98
6671,17,20.98
6672,17,20.98
6673,17,20.98
6674,17,20.98
6675,17,20.98
6676,17,20.98
6677,17,20.98
6678,17,20.98
6679,17,20.98
6680,17,20.98
6681,17,20.98
6682,17,20.98
6683,17,20.98
6684,17,20.98
6685,17,20.98
6686,17,20.98
6687,17,20.98
6688,17,20.98
6689,17,20.98
6690,17,20.98
6691,17,20.98
6692,17,20.98
6693,17,20.98
6694,17,20.98
6695,17,20.98
6696,17,20.98
6697,17,20.98
6698,17,20.98
6699,17,20.98
6700,17,20.98
6701,17,20.98
6702,17,20.98
6703,17,20.98
6704,17,20.98
6705,17,20.98
6706,17,20.98
6707,17,20.98
6708,17,20.98
6709,17,20.98
6710,17,20.98
6711,17,20.98
6712,17,20.98
6713,17,20.98
6714,17,20.98
6715,17,20.98
6716,17,20.98
6717,17,20.98
6718,17,20.98
6719,17,20.98
6720,17,20.98
6721,17,20.98
6722,17,20.98
6723,17,20.98
6724,17,20.98
6725,17,20.98
6726,17,20.98
6727,17,20.98
6728,17,20.98
6729,17,20.98
6730,17,20.98
6731,17,20.98
6732,17,20.98
6733,17,20.98
6734,17,20.98
6735,17,20.98
6736,17,20.98
6737,17,20.98
6738,17,20.98
6739,17,20.98
6740,17,20.98
6741,17,20.98
6742,17,20.98
6743,17,20.98
6744,17,20.98
6745,17,20.98
6746,17,20.98
6747,17,20.98
6748,17,20.98
6749,17,20.98
6750,17,20.98
6751,17,20.98
6752,17,20.98
6753,17,20.98
6754,17,20.98
6755,17,20.98
6756,17,20.98
6757,17,20.98
6758,17,20.98
6759,17,20.98
6760,17,20.98
6761,17,20.98
6762,17,20.98
6763,17,20.98
6764,17,20.98
6765,17,20.98
6766,17,20.98
6767,17,20.98
6768,17,20.98
6769,17,20.98
6770,17,20.98
6771,17,20.98
6772,17,20.98
6773,17,20.98
6774,17,20.98
6775,17,20.98
6776,17,20.98
6777,17,20.98
6778,17,20.98
6779,17,20.98
6780,17,20.98
6781,17,20.98
6782,17,20.98
6783,17,20.98
6784,17,20.98
6785,17,20.98
6786,17,20.98
6787,17,20.98
6788,17,20.98
6789,17,20.98
6790,17,20.98
6791,17,20.98
6792,17,20.98
6793,17,20.98
6794,17,20.98
6795,17,20.98
6796,17,20.98
6797,17,20.98
6798,17,20.98
6799,17,20.98
6800,17,20.98
6801,17,20.98
6802,17,20.98
6803,17,20.98
6804,17,20.98
6805,17,20.98
6806,17,20.98
6807,17,20.98
6808,17,20.98
6809,17,20.98
6810,17,20.98
6811,17,20.98
6812,17,20.98
6813,17,20.98
6814,17,20.98
6815,17,20.98
6816,17,20.98
6817,17,20.98
6818,17,20.98
6819,17,20.98
6820,17,20.98
6821,17,20.98
6822,17,20.98
6823,17,20.98
6824,17,20.98
6825,17,20.98
6826,17,20.98
6827,17,20.98
6828,17,20.98
6829,17,20.98
6830,17,20.98
6831,17,20.98
6832,17,20.98
6833,17,20.98
6834,17,20.98
6835,17,20.98
6836,17,20.98
6837,17,20.98
6838,17,20.98
6839,17,20.98
6840,17,20.98
6841,17,20.98
6842,17,20.98
6843,17,20.98
6844,17,20.98
6845,17,20.98
6846,17,20.98
6847,17,20.98
6848,17,20.98
6849,17,20.98
6850,17,20.98
6851,17,20.98
6852,17,20.98
6853,17,20.98
6854,17,20.98
6855,17,20.98
6856,18,21.04
6857,18,21.04
6858,18,21.04
6859,18,21.04
6860,18,21.04
6861,18,21.04
6862,18,21.04
6863,18,21.04
6864,18,21.04
6865,18,21.04
6866,18,21.04
6867,18,21.04
6868,18,21.04
6869,18,21.04
6870,18,21.04
6871,18,21.04
6872,18,21.04
6873,18,21.04
6874,18,21.04
6875,18,21.04
6876,18,21.04
6877,18,21.04
6878,18,21.04
6879,18,21.04
6880,18,21.04
6881,18,21.04
6882,18,21.04
6883,18,21.04
6884,18,21.04
6885,18,21.04
6886,18,21.04
6887,18,21.04
6888,18,21.04
6889,18,21.04
6890,18,21.04
6891,18,21.04
6892,18,21.04
6893,18,21.04
6894,18,21.04
6895,18,21.04
6896,18,21.04
6897,18,21.04
6898,18,21.04
6899,18,21.04
6900,18,21.04
6901,18,21.04
6902,18,21.04
6903,18,21.04
6904,18,21.04
6905,18,21.04
6906,18,21.04
6907,18,21.04
6908,18,21.04
6909,18,21.04
6910,18,21.04
6911,18,21.04
6912,18,21.04
6913,18,21.04
6914,18,21.04
6915,18,21.04
6916,18,21.04
6917,18,21.04
6918,18,21.04
6919,18,21.04
6920,18,21.04
6921,18,21.04
6922,18,21.04
6923,18,21.04
6924,18,21.04
6925,18,21.04
6926,18,21.04
6927,18,21.04
6928,18,21.04
6929,18,21.04
6930,18,21.04
6931,18,21.04
6932,18,21.04
6933,18,21.04
6934,18,21.04
6935,18,21.04
6936,18,21.04
6937,18,21.04
6938,18,21.04
6939,18,21.04
6940,18,21.04
6941,18,21.04
6942,18,21.04
6943,18,21.04
6944,18,21.04
6945,18,21.04
6946,18,21.04
6947,18,21.04
6948,18,21.04
6949,18,21.04
6950,18,21.04
6951,18,21.04
6952,18,21.04
6953,18,21.04
6954,18,21.04
6955,18,21.04
6956,18,21.04
6957,18,21.04
6958,18,21.04
6959,18,21.04
6960,18,21.04
6961,18,21.04
6962,18,21.04
6963,18,21.04
6964,18,21.04
6965,18,21.04
6966,18,21.04
6967,18,21.04
6968,18,21.04
6969,18,21.04
6970,18,21.04
6971,18,21.04
6972,18,21.04
6973,18,21.04
6974,18,21.04
6975,18,21.04
6976,18,21.04
6977,18,21.04
6978,18,21.04
6979,18,21.04
6980,18,21.04
6981,18,21.04
6982,18,21.04
6983,18,21.04
6984,18,21.04
6985,18,21.04
6986,18,21.04
6987,18,21.04
6988,18,21.04
6989,18,21.04
6990,18,21.04
6991,18,21.04
6992,18,21.04
6993,18,21.04
6994,18,21.04
6995,18,21.04
6996,18,21.04
6997,18,21.04
6998,18,21.04
6999,18,21.04
7000,18,21.04
7001,18,21.04
7002,18,21.04
7003,18,21.04
7004,18,21.04
7005,18,21.04
7006,18,21.04
7007,18,21.04
7008,18,21.04
7009,18,21.04
7010,18,21.04
7011,18,21.04
7012,18,21.04
7013,18,21.04
7014,18,21.04
7015,18,21.04
7016,18,21.04
7017,18,21.04
7018,18,21.04
7019,18,21.04
7020,18,21.04
7021,18,21.04
7022,18,21.04
7023,18,21.04
7024,18,21.04
7025,18,21.04
7026,18,21.04
7027,18,21.04
7028,18,21.04
7029,18,21.04
7030,18,21.04
7031,18,21.04
7032,18,21.04
7033,18,21.04
7034,18,21.04
7035,18,21.04
7036,18,21.04
7037,18,21.04
7038,18,21.04
7039,18,21.04
7040,18,21.04
7041,18,21.04
7042,18,21.04
7043,18,21.04
7044,18,21.04
7045,18,21.04
7046,18,21.04
7047,18,21.04
7048,18,21.04
7049,18,21.04
7050,18,21.04
7051,18,21.04
7052,18,21.04
7053,18,21.04
7054,18,21.04
7055,18,21.04
7056,18,21.04
7057,18,21.04
7058,18,21.04
7059,18,21.04
7060,18,21.04
7061,18,21.04
7062,18,21.04
7063,18,21.04
7064,18,21.04
7065,18,21.04
7066,18,21.04
7067,18,21.04
7068,18,21.04
7069,18,21.04
7070,18,21.04
7071,18,21.04
7072,18,21.04
7073,18,21.04
7074,18,21.04
7075,18,21.04
7076,18,21.04
7077,18,21.04
7078,18,21.04
7079,18,21.04
7080,18,21.04
7081,18,21.04
7082,18,21.04
7083,18,21.04
7084,18,21.04
7085,18,21.04
7086,18,21.04
7087,18,21.04
7088,18,21.04
7089,18,21.04
7090,18,21.04
7091,18,21.04
7092,18,21.04
7093,18,21.04
7094,18,21.04
7095,18,21.04
7096,18,21.04
7097,18,21.04
7098,18,21.04
7099,18,21.04
7100,18,21.04
7101,18,21.04
7102,18,21.04
7103,18,21.04
7104,18,21.04
7105,18,21.04
7106,18,21.04
7107,18,21.04
7108,18,21.04
7109,18,21.04
7110,18,21.04
7111,18,21.04
7112,18,21.04
7113,18,21.04
7114,18,21.04
7115,18,21.04
7116,18,21.04
7117,18,21.04
7118,18,21.04
7119,18,21.04
7120,18,21.04
7121,18,21.04
7122,18,21.04
7123,18,21.04
7124,18,21.04
7125,18,21.04
7126,18,21.04
7127,18,21.04
7128,18,21.04
7129,18,21.04
7130,18,21.04
7131,18,21.04
7132,18,21.04
7133,18,21.04
7134,18,21.04
7135,18,21.04
7136,18,21.04
7137,18,21.04
7138,18,21.04
7139,18,21.04
7140,18,21.04
7141,18,21.04
7142,18,21.04
7143,18,21.04
7144,18,21.04
7145,18,21.04
7146,18,21.04
7147,18,21.04
7148,18,21.04
7149,18,21.04
7150,18,21.04
7151,18,21.04
7152,18,21.04
7153,18,21.04
7154,18,21.04
7155,18,21.04
7156,18,21.04
7157,18,21.04
7158,18,21.04
7159,18,21.04
7160,18,21.04
7161,18,21.04
7162,18,21.04
7163,18,21.04
7164,18,21.04
7165,18,21.04
7166,18,21.04
7167,18,21.04
7168,18,21.04
7169,18,21.04
7170,18,21.04
7171,18,21.04
7172,18,21.04
7173,18,21.04
7174,18,21.04
7175,18,21.04
7176,18,21.04
7177,18,21.04
7178,18,21.04
7179,18,21.04
7180,18,21.04
7181,18,21.04
7182,18,21.04
7183,18,21.04
7184,18,21.04
7185,18,21.04
7186,18,21.04
7187,18,21.04
7188,18,21.04
7189,18,21.04
7190,18,21.04
7191,18,21.04
7192,18,21.04
7193,18,21.04
7194,18,21.04
7195,18,21.04
7196,18,21.04
7197,18,21.04
7198,18,21.04
7199,18,21.04
7200,18,21.04
7201,18,21.04
7202,18,21.04
7203,18,21.04
7204,18,21.04
7205,18,21.04
7206,18,21.04
7207,18,21.04
7208,18,21.04
7209,18,21.04
7210,18,21.04
7211,18,21.04
7212,18,21.04
7213,18,21.04
7214,18,21.04
7215,18,21.04
7216,18,21.04
7217,18,21.04
7218,18,21.04
7219,18,21.04
7220,18,21.04
7221,18,21.04
7222,18,21.04
7223,18,21.04
7224,18,21.04
7225,18,21.04
7226,18,21.04
7227,18,21.04
7228,18,21.04
7229,18,21.04
7230,18,21.04
7231,18,21.04
7232,18,21.04
7233,18,21.04
7234,18,21.04
7235,18,21.04
7236,18,21.04
7237,18,21.04
7238,18,21.04
7239,18,21.04
7240,18,21.04
7241,18,21.04
7242,18,21.04
7243,18,21.04
7244,18,21.04
7245,18,21.04
7246,18,21.04
7247,18,21.04
7248,18,21.04
7249,18,21.04
7250,18,21.04
7251,18,21.04
7252,18,21.04
7253,18,21.04
7254,18,21.04
7255,18,21.04
7256,18,21.04
7257,18,21.04
7258,18,21.04
7259,18,21.04
7260,18,21.04
7261,18,21.04
7262,18,21.04
7263,18,21.04
7264,18,21.04
7265,18,21.04
7266,18,21.04
7267,18,21.04
7268,18,21.04
7269,18,21.04
7270,18,21.04
7271,18,21.04
7272,18,21.04
7273,18,21.04
7274,18,21.04
7275,18,21.04
7276,18,21.04
7277,18,21.04
7278,18,21.04
7279,18,21.04
7280,18,21.04
7281,18,21.04
7282,18,21.04
7283,18,21.04
7284,18,21.04
7285,18,21.04
7286,18,21.04
7287,18,21.04
7288,18,21.04
7289,18,21.04
7290,18,21.04
7291,18,21.04
7292,18,21.04
7293,18,21.04
7294,18,21.04
7295,18,21.04
7296,18,21.04
7297,18,21.04
7298,18,21.04
7299,18,21.04
7300,18,21.04
7301,18,21.04
7302,18,21.04
7303,18,21.04
7304,18,21.04
7305,18,21.04
7306,18,21.04
7307,18,21.04
7308,18,21.04
7309,18,21.04
7310,19,21.59
7311,19,21.59
7312,19,21.59
7313,19,21.59
7314,19,21.59
7315,19,21.59
7316,19,21.59
7317,19,21.59
7318,19,21.59
7319,19,21.59
7320,19,21.59
7321,19,21.59
7322,19,21.59
7323,19,21.59
7324,19,21.59
7325,19,21.59
7326,19,21.59
7327,19,21.59
7328,19,21.59
7329,19,21.59
7330,19,21.59
7331,19,21.59
7332,19,21.59
7333,19,21.59
7334,19,21.59
7335,19,21.59
7336,19,21.59
7337,19,21.59
7338,19,21.59
7339,19,21.59
7340,19,21.59
7341,19,21.59
7342,19,21.59
7343,19,21.59
7344,19,21.59
7345,19,21.59
7346,19,21.59
7347,19,21.59
7348,19,21.59
7349,19,21.59
7350,19,21.59
7351,19,21.59
7352,19,21.59
7353,19,21.59
7354,19,21.59
7355,19,21.59
7356,19,21.59
7357,19,21.59
7358,19,21.59
7359,19,21.59
7360,19,21.59
7361,19,21.59
7362,19,21.59
7363,19,21.59
7364,19,21.59
7365,19,21.59
7366,19,21.59
7367,19,21.59
7368,19,21.59
7369,19,21.59
7370,19,21.59
7371,19,21.59
7372,19,21.59
7373,19,21.59
7374,19,21.59
7375,19,21.59
7376,19,21.59
7377,19,21.59
7378,19,21.59
7379,19,21.59
7380,19,21.59
7381,19,21.59
7382,19,21.59
7383,19,21.59
7384,19,21.59
7385,19,21.59
7386,19,21.59
7387,19,21.59
7388,19,21.59
7389,19,21.59
7390,19,21.59
7391,19,21.59
7392,19,21.59
7393,19,21.59
7394,19,21.59
7395,19,21.59
7396,19,21.59
7397,19,21.59
7398,19,21.59
7399,19,21.59
7400,19,21.59
7401,19,21.59
7402,19,21.59
7403,19,21.59
7404,19,21.59
7405,19,21.59
7406,19,21.59
7407,19,21.59
7408,19,21.59
7409,19,21.59
7410,19,21.59
7411,19,21.59
7412,19,21.59
7413,19,21.59
7414,19,21.59
7415,19,21.59
7416,19,21.59
7417,19,21.59
7418,19,21.59
7419,19,21.59
7420,19,21.59
7421,19,21.59
7422,19,21.59
7423,19,21.59
7424,19,21.59
7425,19,21.59
7426,19,21.59
7427,19,21.59
7428,19,21.59
7429,19,21.59
7430,19,21.59
7431,19,21.59
7432,19,21.59
7433,19,21.59
7434,19,21.59
7435,19,21.59
7436,19,21.59
7437,19,21.59
7438,19,21.59
7439,19,21.59
7440,19,21.59
7441,19,21.59
7442,19,21.59
7443,19,21.59
7444,19,21.59
7445,19,21.59
7446,19,21.59
7447,19,21.59
7448,19,21.59
7449,19,21.59
7450,19,21.59
7451,19,21.59
7452,19,21.59
7453,19,21.59
7454,19,21.59
7455,19,21.59
7456,19,21.59
7457,19,21.59
7458,19,21.59
7459,19,21.59
7460,19,21.59
7461,19,21.59
7462,19,21.59
7463,19,21.59
7464,19,21.59
7465,19,21.59
7466,19,21.59
7467,19,21.59
7468,19,21.59
7469,19,21.59
7470,19,21.59
7471,19,21.59
7472,19,21.59
7473,19,21.59
7474,19,21.59
7475,19,21.59
7476,19,21.59
7477,19,21.59
7478,19,21.59
7479,19,21.59
7480,19,21.59
7481,19,21.59
7482,19,21.59
7483,19,21.59
7484,19,21.59
7485,19,21.59
7486,19,21.59
7487,19,21.59
7488,19,21.59
7489,19,21.59
7490,19,21.59
7491,19,21.59
7492,19,21.59
7493,19,21.59
7494,19,21.59
7495,19,21.59
7496,19,21.59
7497,19,21.59
7498,19,21.59
7499,19,21.59
7500,19,21.59
7501,19,21.59
7502,19,21.59
7503,19,21.59
7504,19,21.59
7505,19,21.59
7506,19,21.59
7507,19,21.59
7508,19,21.59
7509,19,21.59
7510,19,21.59
7511,19,21.59
7512,19,21.59
7513,19,21.59
7514,19,21.59
7515,19,21.59
7516,19,21.59
7517,19,21.59
7518,19,21.59
7519,19,21.59
7520,19,21.59
7521,19,21.59
7522,19,21.59
7523,19,21.59
7524,19,21.59
7525,19,21.59
7526,19,21.59
7527,19,21.59
7528,19,21.59
7529,19,21.59
7530,19,21.59
7531,19,21.59
7532,19,21.59
7533,19,21.59
7534,19,21.59
7535,19,21.59
7536,19,21.59
7537,19,21.59
7538,19,21.59
7539,19,21.59
7540,19,21.59
7541,19,21.59
7542,19,21.59
7543,19,21.59
7544,19,21.59
7545,19,21.59
7546,19,21.59
7547,19,21.59
7548,19,21.59
7549,19,21.59
7550,19,21.59
7551,19,21.59
7552,19,21.59
7553,19,21.59
7554,19,21.59
7555,19,21.59
7556,19,21.59
7557,19,21.59
7558,19,21.59
7559,19,21.59
7560,19,21.59
7561,19,21.59
7562,19,21.59
7563,19,21.59
7564,19,21.59
7565,19,21.59
7566,19,21.59
7567,19,21.59
7568,19,21.59
7569,19,21.59
7570,19,21.59
7571,19,21.59
7572,19,21.59
7573,19,21.59
7574,19,21.59
7575,19,21.59
7576,19,21.59
7577,19,21.59
7578,19,21.59
7579,19,21.59
7580,19,21.59
7581,19,21.59
7582,19,21.59
7583,19,21.59
7584,19,21.59
7585,19,21.59
7586,19,21.59
7587,19,21.59
7588,19,21.59
7589,19,21.59
7590,19,21.59
7591,19,21.59
7592,19,21.59
7593,19,21.59
7594,19,21.59
7595,19,21.59
7596,19,21.59
7597,19,21.59
7598,19,21.59
7599,19,21.59
7600,19,21.59
7601,19,21.59
7602,19,21.59
7603,19,21.59
7604,19,21.59
7605,19,21.59
7606,19,21.59
7607,19,21.59
7608,19,21.59
7609,19,21.59
7610,19,21.59
7611,19,21.59
7612,19,21.59
7613,19,21.59
7614,19,21.59
7615,19,21.59
7616,19,21.59
7617,19,21.59
7618,19,21.59
7619,19,21.59
7620,19,21.59
7621,19,21.59
7622,19,21.59
7623,19,21.59
7624,19,21.59
7625,19,21.59
7626,19,21.59
7627,19,21.59
7628,19,21.59
7629,19,21.59
7630,19,21.59
7631,19,21.59
7632,19,21.59
7633,19,21.59
7634,19,21.59
7635,19,21.59
7636,19,21.59
7637,19,21.59
7638,19,21.59
7639,19,21.59
7640,19,21.59
7641,19,21.59
7642,19,21.59
7643,19,21.59
7644,19,21.59
7645,19,21.59
7646,19,21.59
7647,19,21.59
7648,19,21.59
7649,19,21.59
7650,19,21.59
7651,19,21.59
7652,19,21.59
7653,19,21.59
7654,19,21.59
7655,19,21.59
7656,19,21.59
7657,19,21.59
7658,19,21.59
7659,19,21.59
7660,19,21.59
7661,19,21.59
7662,19,21.59
7663,19,21.59
7664,19,21.59
7665,19,21.59
7666,19,21.59
7667,19,21.59
7668,19,21.59
7669,19,21.59
7670,19,21.59
7671,19,21.59
7672,19,21.59
7673,19,21.59
7674,19,21.59
7675,19,21.59
7676,19,21.59
7677,19,21.59
7678,19,21.59
7679,19,21.59
7680,19,21.59
7681,19,21.59
7682,19,21.59
7683,19,21.59
7684,19,21.59
7685,19,21.59
7686,19,21.59
7687,19,21.59
7688,19,21.59
7689,19,21.59
7690,19,21.59
7691,19,21.59
7692,19,21.59
7693,19,21.59
7694,19,21.59
7695,19,21.59
7696,19,21.59
7697,19,21.59
7698,19,21.59
7699,19,21.59
7700,19,21.59
7701,19,21.59
7702,19,21.59
7703,19,21.59
7704,19,21.59
7705,19,21.59
7706,19,21.59
7707,19,21.59
7708,19,21.59
7709,19,21.59
7710,19,21.59
7711,19,21.59
7712,19,21.59
7713,19,21.59
7714,19,21.59
7715,19,21.59
7716,19,21.59
7717,19,21.59
7718,19,21.59
7719,19,21.59
7720,19,21.59
7721,19,21.59
7722,19,21.59
7723,19,21.59
7724,19,21.59
7725,19,21.59
7726,19,21.59
7727,19,21.59
7728,19,21.59
7729,19,21.59
7730,19,21.59
7731,19,21.59
7732,19,21.59
7733,19,21.59
7734,19,21.59
7735,19,21.59
7736,19,21.59
7737,19,21.59
7738,19,21.59
7739,19,21.59
7740,19,21.59
7741,19,21.59
7742,19,21.59
7743,19,21.59
7744,19,21.59
7745,19,21.59
7746,19,21.59
7747,19,21.59
7748,19,21.59
7749,19,21.59
7750,19,21.59
7751,19,21.59
7752,19,21.59
7753,19,21.59
7754,19,21.59
7755,19,21.59
7756,19,21.59
7757,19,21.59
7758,19,21.59
7759,19,21.59
7760,19,21.59
7761,19,21.59
7762,19,21.59
7763,19,21.59
7764,19,21.59
7765,19,21.59
7766,19,21.59
7767,19,21.59
7768,19,21.59
7769,19,21.59
7770,19,21.59
7771,19,21.59
7772,19,21.59
7773,19,21.59
7774,19,21.59
7775,19,21.59
7776,19,21.59
7777,19,21.59
7778,19,21.59
7779,19,21.59
7780,19,21.59
7781,19,21.59
7782,19,21.59
7783,19,21.59
7784,19,21.59
7785,19,21.59
7786,19,21.59
7787,19,21.59
7788,19,21.59
7789,19,21.59
7790,19,21.59
7791,19,21.59
7792,20,22.23
7793,20,22.23
7794,20,22.23
7795,20,22.23
7796,20,22.23
7797,20,22.23
7798,20,22.23
7799,20,22.23
7800,20,22.23
7801,20,22.23
7802,20,22.23
7803,20,22.23
7804,20,22.23
7805,20,22.23
7806,20,22.23
7807,20,22.23
7808,20,22.23
7809,20,22.23
7810,20,22.23
7811,20,22.23
7812,20,22.23
7813,20,22.23
7814,20,22.23
7815,20,22.23
7816,20,22.23
7817,20,22.23
7818,20,22.23
7819,20,22.23
7820,20,22.23
7821,20,22.23
7822,20,22.23
7823,20,22.23
7824,20,22.23
7825,20,22.23
7826,20,22.23
7827,20,22.23
7828,20,22.23
7829,20,22.23
7830,20,22.23
7831,20,22.23
7832,20,22.23
7833,20,22.23
7834,20,22.23
7835,20,22.23
7836,20,22.23
7837,20,22.23
7838,20,22.23
7839,20,22.23
7840,20,22.23
7841,20,22.23
7842,20,22.23
7843,20,22.23
7844,20,22.23
7845,20,22.23
7846,20,22.23
7847,20,22.23
7848,20,22.23
7849,20,22.23
7850,20,22.23
7851,20,22.23
7852,20,22.23
7853,20,22.23
7854,20,22.23
7855,20,22.23
7856,20,22.23
7857,20,22.23
7858,20,22.23
7859,20,22.23
7860,20,22.23
7861,20,22.23
7862,20,22.23
7863,20,22.23
7864,20,22.23
7865,20,22.23
7866,20,22.23
7867,20,22.23
7868,20,22.23
7869,20,22.23
7870,20,22.23
7871,20,22.23
7872,20,22.23
7873,20,22.23
7874,20,22.23
7875,20,22.23
7876,20,22.23
7877,20,22.23
7878,20,22.23
7879,20,22.23
7880,20,22.23
7881,20,22.23
7882,20,22.23
7883,20,22.23
7884,20,22.23
7885,20,22.23
7886,20,22.23
7887,20,22.23
7888,20,22.23
7889,20,22.23
7890,20,22.23
7891,20,22.23
7892,20,22.23
7893,20,22.23
7894,20,22.23
7895,20,22.23
7896,20,22.23
7897,20,22.23
7898,20,22.23
7899,20,22.23
7900,20,22.23
7901,20,22.23
7902,20,22.23
7903,20,22.23
7904,20,22.23
7905,20,22.23
7906,20,22.23
7907,20,22.23
7908,20,22.23
7909,20,22.23
7910,20,22.23
7911,20,22.23
7912,20,22.23
7913,20,22.23
7914,20,22.23
7915,20,22.23
7916,20,22.23
7917,20,22.23
7918,20,22.23
7919,20,22.23
7920,20,22.23
7921,20,22.23
7922,20,22.23
7923,20,22.23
7924,20,22.23
7925,20,22.23
7926,20,22.23
7927,20,22.23
7928,20,22.23
7929,20,22.23
7930,20,22.23
7931,20,22.23
7932,20,22.23
7933,20,22.23
7934,20,22.23
7935,20,22.23
7936,20,22.23
7937,20,22.23
7938,20,22.23
7939,20,22.23
7940,20,22.23
7941,20,22.23
7942,20,22.23
7943,20,22.23
7944,20,22.23
7945,20,22.23
7946,20,22.23
7947,20,22.23
7948,20,22.23
7949,20,22.23
7950,20,22.23
7951,20,22.23
7952,20,22.23
7953,20,22.23
7954,20,22.23
7955,20,22.23
7956,20,22.23
7957,20,22.23
7958,20,22.23
7959,20,22.23
7960,20,22.23
7961,20,22.23
7962,20,22.23
7963,20,22.23
7964,20,22.23
7965,20,22.23
7966,20,22.23
7967,20,22.23
7968,20,22.23
7969,20,22.23
7970,20,22.23
7971,20,22.23
7972,20,22.23
7973,20,22.23
7974,20,22.23
7975,20,22.23
7976,20,22.23
7977,20,22.23
7978,20,22.23
7979,20,22.23
7980,20,22.23
7981,20,22.23
7982,20,22.23
7983,20,22.23
7984,20,22.23
7985,20,22.23
7986,20,22.23
7987,20,22.23
7988,20,22.23
7989,20,22.23
7990,20,22.23
7991,20,22.23
7992,20,22.23
7993,20,22.23
7994,20,22.23
7995,20,22.23
7996,20,22.23
7997,20,22.23
7998,20,22.23
7999,20,22.23
8000,20,22.23
8001,20,22.23
8002,20,22.23
8003,20,22.23
8004,20,22.23
8005,20,22.23
8006,20,22.23
8007,20,22.23
8008,20,22.23
8009,20,22.23
8010,20,22.23
8011,20,22.23
8012,20,22.23
8013,20,22.23
8014,20,22.23
8015,20,22.23
8016,20,22.23
8017,20,22.23
8018,20,22.23
8019,20,22.23
8020,20,22.23
8021,20,22.23
8022,20,22.23
8023,20,22.23
8024,20,22.23
8025,20,22.23
8026,20,22.23
8027,20,22.23
8028,20,22.23
8029,20,22.23
8030,20,22.23
8031,20,22.23
8032,20,22.23
8033,20,22.23
8034,20,22.23
8035,20,22.23
8036,20,22.23
8037,20,22.23
8038,20,22.23
8039,20,22.23
8040,20,22.23
8041,20,22.23
8042,20,22.23
8043,20,22.23
8044,20,22.23
8045,20,22.23
8046,20,22.23
8047,20,22.23
8048,20,22.23
8049,20,22.23
8050,20,22.23
8051,20,22.23
8052,20,22.23
8053,20,22.23
8054,20,22.23
8055,20,22.23
8056,20,22.23
8057,20,22.23
8058,20,22.23
8059,20,22.23
8060,20,22.23
8061,20,22.23
8062,20,22.23
8063,20,22.23
8064,20,22.23
8065,20,22.23
8066,20,22.23
8067,20,22.23
8068,20,22.23
8069,20,22.23
8070,20,22.23
8071,20,22.23
8072,20,22.23
8073,20,22.23
8074,20,22.23
8075,20,22.23
8076,20,22.23
8077,20,22.23
8078,20,22.23
8079,20,22.23
8080,20,22.23
8081,20,22.23
8082,20,22.23
8083,20,22.23
8084,20,22.23
8085,20,22.23
8086,20,22.23
8087,20,22.23
8088,20,22.23
8089,20,22.23
8090,20,22.23
8091,20,22.23
8092,20,22.23
8093,20,22.23
8094,20,22.23
8095,20,22.23
8096,20,22.23
8097,20,22.23
8098,20,22.23
8099,20,22.23
8100,20,22.23
8101,20,22.23
8102,20,22.23
8103,20,22.23
8104,20,22.23
8105,20,22.23
8106,20,22.23
8107,20,22.23
8108,20,22.23
8109,20,22.23
8110,20,22.23
8111,20,22.23
8112,20,22.23
8113,20,22.23
8114,20,22.23
8115,20,22.23
8116,20,22.23
8117,20,22.23
8118,20,22.23
8119,20,22.23
8120,20,22.23
8121,20,22.23
8122,20,22.23
8123,20,22.23
8124,20,22.23
8125,20,22.23
8126,20,22.23
8127,20,22.23
8128,20,22.23
8129,20,22.23
8130,20,22.23
8131,20,22.23
8132,20,22.23
8133,20,22.23
8134,20,22.23
8135,20,22.23
8136,20,22.23
8137,20,22.23
8138,20,22.23
8139,20,22.23
8140,20,22.23
8141,20,22.23
8142,20,22.23
8143,20,22.23
8144,20,22.23
8145,20,22.23
8146,20,22.23
8147,20,22.23
8148,20,22.23
8149,20,22.23
8150,20,22.23
8151,20,22.23
8152,20,22.23
8153,20,22.23
8154,20,22.23
8155,20,22.23
8156,20,22.23
8157,20,22.23
8158,20,22.23
8159,20,22.23
8160,20,22.23
8161,20,22.23
8162,20,22.23
8163,20,22.23
8164,20,22.23
8165,20,22.23
8166,20,22.23
8167,20,22.23
8168,20,22.23
8169,20,22.23
8170,20,22.23
8171,20,22.23
8172,20,22.23
8173,20,22.23
8174,20,22.23
8175,20,22.23
8176,20,22.23
8177,20,22.23
8178,20,22.23
8179,20,22.23
8180,20,22.23
8181,20,22.23
8182,20,22.23
8183,20,22.23
8184,20,22.23
8185,20,22.23
8186,20,22.23
8187,20,22.23
8188,20,22.23
8189,20,22.23
8190,20,22.23
8191,20,22.23
8192,20,22.23
8193,20,22.23
8194,20,22.23
8195,20,22.23
8196,20,22.23
8197,20,22.23
8198,20,22.23
8199,20,22.23
8200,20,22.23
8201,20,22.23
8202,20,22.23
8203,20,22.23
8204,20,22.23
8205,20,22.23
8206,20,22.23
8207,20,22.23
8208,20,22.23
8209,20,22.23
8210,20,22.23
8211,20,22.23
8212,20,22.23
8213,20,22.23
8214,20,22.23
8215,20,22.23
8216,20,22.23
8217,20,22.23
8218,20,22.23
8219,20,22.23
8220,20,22.23
8221,20,22.23
8222,20,22.23
8223,20,22.23
8224,20,22.23
8225,20,22.23
8226,20,22.23
8227,20,22.23
8228,20,22.23
8229,20,22.23
8230,20,22.23
8231,20,22.23
8232,20,22.23
8233,20,22.23
8234,20,22.23
8235,20,22.23
8236,20,22.23
8237,20,22.23
8238,20,22.23
8239,20,22.23
8240,20,22.23
8241,20,22.23
8242,20,22.23
8243,20,22.23
8244,20,22.23
8245,20,22.23
8246,20,22.23
8247,20,22.23
8248,20,22.23
8249,20,22.23
8250,20,22.23
8251,20,22.23
8252,20,22.23
8253,20,22.23
8254,20,22.23
8255,20,22.23
8256,20,22.23
8257,20,22.23
8258,20,22.23
8259,20,22.23
8260,20,22.23
8261,20,22.23
8262,20,22.23
8263,20,22.23
8264,20,22.23
8265,20,22.23
8266,21,23.58
8267,21,23.58
8268,21,23.58
8269,21,23.58
8270,21,23.58
8271,21,23.58
8272,21,23.58
8273,21,23.58
8274,21,23.58
8275,21,23.58
8276,21,23.58
8277,21,23.58
8278,21,23.58
8279,21,23.58
8280,21,23.58
8281,21,23.58
8282,21,23.58
8283,21,23.58
8284,21,23.58
8285,21,23.58
8286,21,23.58
8287,21,23.58
8288,21,23.58
8289,21,23.58
8290,21,23.58
8291,21,23.58
8292,21,23.58
8293,21,23.58
8294,21,23.58
8295,21,23.58
8296,21,23.58
8297,21,23.58
8298,21,23.58
8299,21,23.58
8300,21,23.58
8301,21,23.58
8302,21,23.58
8303,21,23.58
8304,21,23.58
8305,21,23.58
8306,21,23.58
8307,21,23.58
8308,21,23.58
8309,21,23.58
8310,21,23.58
8311,21,23.58
8312,21,23.58
8313,21,23.58
8314,21,23.58
8315,21,23.58
8316,21,23.58
8317,21,23.58
8318,21,23.58
8319,21,23.58
8320,21,23.58
8321,21,23.58
8322,21,23.58
8323,21,23.58
8324,21,23.58
8325,21,23.58
8326,21,23.58
8327,21,23.58
8328,21,23.58
8329,21,23.58
8330,21,23.58
8331,21,23.58
8332,21,23.58
8333,21,23.58
8334,21,23.58
8335,21,23.58
8336,21,23.58
8337,21,23.58
8338,21,23.58
8339,21,23.58
8340,21,23.58
8341,21,23.58
8342,21,23.58
8343,21,23.58
8344,21,23.58
8345,21,23.58
8346,21,23.58
8347,21,23.58
8348,21,23.58
8349,21,23.58
8350,21,23.58
8351,21,23.58
8352,21,23.58
8353,21,23.58
8354,21,23.58
8355,21,23.58
8356,21,23.58
8357,21,23.58
8358,21,23.58
8359,21,23.58
8360,21,23.58
8361,21,23.58
8362,21,23.58
8363,21,23.58
8364,21,23.58
8365,21,23.58
8366,21,23.58
8367,21,23.58
8368,21,23.58
8369,21,23.58
8370,21,23.58
8371,21,23.58
8372,21,23.58
8373,21,23.58
8374,21,23.58
8375,21,23.58
8376,21,23.58
8377,21,23.58
8378,21,23.58
8379,21,23.58
8380,21,23.58
8381,21,23.58
8382,21,23.58
8383,21,23.58
8384,21,23.58
8385,21,23.58
8386,21,23.58
8387,21,23.58
8388,21,23.58
8389,21,23.58
8390,21,23.58
8391,21,23.58
8392,21,23.58
8393,21,23.58
8394,21,23.58
8395,21,23.58
8396,21,23.58
8397,21,23.58
8398,21,23.58
8399,21,23.58
8400,21,23.58
8401,21,23.58
8402,21,23.58
8403,21,23.58
8404,21,23.58
8405,21,23.58
8406,21,23.58
8407,21,23.58
8408,21,23.58
8409,21,23.58
8410,21,23.58
8411,21,23.58
8412,21,23.58
8413,21,23.58
8414,21,23.58
8415,21,23.58
8416,21,23.58
8417,21,23.58
8418,21,23.58
8419,21,23.58
8420,21,23.58
8421,21,23.58
8422,21,23.58
8423,21,23.58
8424,21,23.58
8425,21,23.58
8426,21,23.58
8427,21,23.58
8428,21,23.58
8429,21,23.58
8430,21,23.58
8431,21,23.58
8432,21,23.58
8433,21,23.58
8434,21,23.58
8435,21,23.58
8436,21,23.58
8437,21,23.58
8438,21,23.58
8439,21,23.58
8440,21,23.58
8441,21,23.58
8442,21,23.58
8443,21,23.58
8444,21,23.58
8445,21,23.58
8446,21,23.58
8447,21,23.58
8448,21,23.58
8449,21,23.58
8450,21,23.58
8451,21,23.58
8452,21,23.58
8453,21,23.58
8454,21,23.58
8455,21,23.58
8456,21,23.58
8457,21,23.58
8458,21,23.58
8459,21,23.58
8460,21,23.58
8461,21,23.58
8462,21,23.58
8463,21,23.58
8464,21,23.58
8465,21,23.58
8466,21,23.58
8467,21,23.58
8468,21,23.58
8469,21,23.58
8470,21,23.58
8471,21,23.58
8472,21,23.58
8473,21,23.58
8474,21,23.58
8475,21,23.58
8476,21,23.58
8477,21,23.58
8478,21,23.58
8479,21,23.58
8480,21,23.58
8481,21,23.58
8482,21,23.58
8483,21,23.58
8484,21,23.58
8485,21,23.58
8486,21,23.58
8487,21,23.58
8488,21,23.58
8489,21,23.58
8490,21,23.58
8491,21,23.58
8492,21,23.58
8493,21,23.58
8494,21,23.58
8495,21,23.58
8496,21,23.58
8497,21,23.58
8498,21,23.58
8499,21,23.58
8500,21,23.58
8501,21,23.58
8502,21,23.58
8503,21,23.58
8504,21,23.58
8505,21,23.58
8506,21,23.58
8507,21,23.58
8508,21,23.58
8509,21,23.58
8510,21,23.58
8511,21,23.58
8512,21,23.58
8513,21,23.58
8514,21,23.58
8515,21,23.58
8516,21,23.58
8517,21,23.58
8518,21,23.58
8519,21,23.58
8520,21,23.58
8521,21,23.58
8522,21,23.58
8523,21,23.58
8524,21,23.58
8525,21,23.58
8526,21,23.58
8527,21,23.58
8528,21,23.58
8529,21,23.58
8530,21,23.58
8531,21,23.58
8532,21,23.58
8533,21,23.58
8534,21,23.58
8535,21,23.58
8536,21,23.58
8537,21,23.58
8538,21,23.58
8539,21,23.58
8540,21,23.58
8541,21,23.58
8542,21,23.58
8543,21,23.58
8544,21,23.58
8545,21,23.58
8546,21,23.58
8547,21,23.58
8548,21,23.58
8549,21,23.58
8550,21,23.58
8551,21,23.58
8552,21,23.58
8553,21,23.58
8554,21,23.58
8555,21,23.58
8556,21,23.58
8557,21,23.58
8558,21,23.58
8559,21,23.58
8560,21,23.58
8561,21,23.58
8562,21,23.58
8563,21,23.58
8564,21,23.58
8565,21,23.58
8566,21,23.58
8567,21,23.58
8568,21,23.58
8569,21,23.58
8570,21,23.58
8571,21,23.58
8572,21,23.58
8573,21,23.58
8574,21,23.58
8575,21,23.58
8576,21,23.58
8577,21,23.58
8578,21,23.58
8579,21,23.58
8580,21,23.58
8581,21,23.58
8582,21,23.58
8583,21,23.58
8584,21,23.58
8585,21,23.58
8586,21,23.58
8587,21,23.58
8588,21,23.58
8589,21,23.58
8590,21,23.58
8591,21,23.58
8592,21,23.58
8593,21,23.58
8594,21,23.58
8595,21,23.58
8596,21,23.58
8597,21,23.58
8598,21,23.58
8599,21,23.58
8600,21,23.58
8601,21,23.58
8602,21,23.58
8603,21,23.58
8604,21,23.58
8605,21,23.58
8606,21,23.58
8607,21,23.58
8608,21,23.58
8609,21,23.58
8610,21,23.58
8611,21,23.58
8612,21,23.58
8613,21,23.58
8614,21,23.58
8615,21,23.58
8616,21,23.58
8617,21,23.58
8618,22,23.76
8619,22,23.76
8620,22,23.76
8621,22,23.76
8622,22,23.76
8623,22,23.76
8624,22,23.76
8625,22,23.76
8626,22,23.76
8627,22,23.76
8628,22,23.76
8629,22,23.76
8630,22,23.76
8631,22,23.76
8632,22,23.76
8633,22,23.76
8634,22,23.76
8635,22,23.76
8636,22,23.76
8637,22,23.76
8638,22,23.76
8639,22,23.76
8640,22,23.76
8641,22,23.76
8642,22,23.76
8643,22,23.76
8644,22,23.76
8645,22,23.76
8646,22,23.76
8647,22,23.76
8648,22,23.76
8649,22,23.76
8650,22,23.76
8651,22,23.76
8652,22,23.76
8653,22,23.76
8654,22,23.76
8655,22,23.76
8656,22,23.76
8657,22,23.76
8658,22,23.76
8659,22,23.76
8660,22,23.76
8661,22,23.76
8662,22,23.76
8663,22,23.76
8664,22,23.76
8665,22,23.76
8666,22,23.76
8667,22,23.76
8668,22,23.76
8669,22,23.76
8670,22,23.76
8671,22,23.76
8672,22,23.76
8673,22,23.76
8674,22,23.76
8675,22,23.76
8676,22,23.76
8677,22,23.76
8678,22,23.76
8679,22,23.76
8680,22,23.76
8681,22,23.76
8682,22,23.76
8683,22,23.76
8684,22,23.76
8685,22,23.76
8686,22,23.76
8687,22,23.76
8688,22,23.76
8689,22,23.76
8690,22,23.76
8691,22,23.76
8692,22,23.76
8693,22,23.76
8694,22,23.76
8695,22,23.76
8696,22,23.76
8697,22,23.76
8698,22,23.76
8699,22,23.76
8700,22,23.76
8701,22,23.76
8702,22,23.76
8703,22,23.76
8704,22,23.76
8705,22,23.76
8706,22,23.76
8707,22,23.76
8708,22,23.76
8709,22,23.76
8710,22,23.76
8711,22,23.76
8712,22,23.76
8713,22,23.76
8714,22,23.76
8715,22,23.76
8716,22,23.76
8717,22,23.76
8718,22,23.76
8719,22,23.76
8720,22,23.76
8721,22,23.76
8722,22,23.76
8723,22,23.76
8724,22,23.76
8725,22,23.76
8726,22,23.76
8727,22,23.76
8728,22,23.76
8729,22,23.76
8730,22,23.76
8731,22,23.76
8732,22,23.76
8733,22,23.76
8734,22,23.76
8735,22,23.76
8736,22,23.76
8737,22,23.76
8738,22,23.76
8739,22,23.76
8740,22,23.76
8741,22,23.76
8742,22,23.76
8743,22,23.76
8744,22,23.76
8745,22,23.76
8746,22,23.76
8747,22,23.76
8748,22,23.76
8749,22,23.76
8750,22,23.76
8751,22,23.76
8752,22,23.76
8753,22,23.76
8754,22,23.76
8755,22,23.76
8756,22,23.76
8757,22,23.76
8758,22,23.76
8759,22,23.76
8760,22,23.76
8761,22,23.76
8762,22,23.76
8763,22,23.76
8764,22,23.76
8765,22,23.76
8766,22,23.76
8767,22,23.76
8768,22,23.76
8769,22,23.76
8770,22,23.76
8771,22,23.76
8772,22,23.76
8773,22,23.76
8774,22,23.76
8775,22,23.76
8776,22,23.76
8777,22,23.76
8778,22,23.76
8779,22,23.76
8780,22,23.76
8781,22,23.76
8782,22,23.76
8783,22,23.76
8784,22,23.76
8785,22,23.76
8786,22,23.76
8787,22,23.76
8788,22,23.76
8789,22,23.76
8790,22,23.76
8791,22,23.76
8792,22,23.76
8793,22,23.76
8794,22,23.76
8795,22,23.76
8796,22,23.76
8797,22,23.76
8798,22,23.76
8799,22,23.76
8800,22,23.76
8801,22,23.76
8802,22,23.76
8803,22,23.76
8804,22,23.76
8805,22,23.76
8806,22,23.76
8807,22,23.76
8808,22,23.76
8809,22,23.76
8810,22,23.76
8811,22,23.76
8812,22,23.76
8813,22,23.76
8814,22,23.76
8815,22,23.76
8816,22,23.76
8817,22,23.76
8818,22,23.76
8819,22,23.76
8820,22,23.76
8821,22,23.76
8822,22,23.76
8823,22,23.76
8824,22,23.76
8825,22,23.76
8826,22,23.76
8827,22,23.76
8828,22,23.76
8829,22,23.76
8830,22,23.76
8831,22,23.76
8832,22,23.76
8833,22,23.76
8834,22,23.76
8835,22,23.76
8836,22,23.76
8837,22,23.76
8838,22,23.76
8839,22,23.76
8840,22,23.76
8841,22,23.76
8842,22,23.76
8843,22,23.76
8844,22,23.76
8845,22,23.76
8846,22,23.76
8847,22,23.76
8848,22,23.76
8849,22,23.76
8850,22,23.76
8851,22,23.76
8852,22,23.76
8853,22,23.76
8854,22,23.76
8855,22,23.76
8856,22,23.76
8857,22,23.76
8858,22,23.76
8859,22,23.76
8860,22,23.76
8861,22,23.76
8862,22,23.76
8863,22,23.76
8864,22,23.76
8865,22,23.76
8866,22,23.76
8867,22,23.76
8868,22,23.76
8869,22,23.76
8870,22,23.76
8871,22,23.76
8872,22,23.76
8873,22,23.76
8874,22,23.76
8875,22,23.76
8876,22,23.76
8877,22,23.76
8878,22,23.76
8879,22,23.76
8880,22,23.76
8881,22,23.76
8882,22,23.76
8883,22,23.76
8884,22,23.76
8885,22,23.76
8886,22,23.76
8887,22,23.76
8888,22,23.76
8889,22,23.76
8890,22,23.76
8891,22,23.76
8892,22,23.76
8893,22,23.76
8894,22,23.76
8895,22,23.76
8896,22,23.76
8897,22,23.76
8898,22,23.76
8899,22,23.76
8900,22,23.76
8901,22,23.76
8902,22,23.76
8903,22,23.76
8904,22,23.76
8905,22,23.76
8906,22,23.76
8907,22,23.76
8908,22,23.76
8909,22,23.76
8910,22,23.76
8911,22,23.76
8912,22,23.76
8913,22,23.76
8914,22,23.76
8915,22,23.76
8916,22,23.76
8917,22,23.76
8918,22,23.76
8919,22,23.76
8920,22,23.76
8921,22,23.76
8922,22,23.76
8923,22,23.76
8924,22,23.76
8925,22,23.76
8926,22,23.76
8927,22,23.76
8928,22,23.76
8929,22,23.76
8930,22,23.76
8931,22,23.76
8932,22,23.76
8933,22,23.76
8934,22,23.76
8935,22,23.76
8936,22,23.76
8937,22,23.76
8938,22,23.76
8939,22,23.76
8940,22,23.76
8941,22,23.76
8942,22,23.76
8943,22,23.76
8944,22,23.76
8945,22,23.76
8946,23,24.21
8947,23,24.21
8948,23,24.21
8949,23,24.21
8950,23,24.21
8951,23,24.21
8952,23,24.21
8953,23,24.21
8954,23,24.21
8955,23,24.21
8956,23,24.21
8957,23,24.21
8958,23,24.21
8959,23,24.21
8960,23,24.21
8961,23,24.21
8962,23,24.21
8963,23,24.21
8964,23,24.21
8965,23,24.21
8966,23,24.21
8967,23,24.21
8968,23,24.21
8969,23,24.21
8970,23,24.21
8971,23,24.21
8972,23,24.21
8973,23,24.21
8974,23,24.21
8975,23,24.21
8976,23,24.21
8977,23,24.21
8978,23,24.21
8979,23,24.21
8980,23,24.21
8981,23,24.21
8982,23,24.21
8983,23,24.21
8984,23,24.21
8985,23,24.21
8986,23,24.21
8987,23,24.21
8988,23,24.21
8989,23,24.21
8990,23,24.21
8991,23,24.21
8992,23,24.21
8993,23,24.21
8994,23,24.21
8995,23,24.21
8996,23,24.21
8997,23,24.21
8998,23,24.21
8999,23,24.21
9000,23,24.21
9001,23,24.21
9002,23,24.21
9003,23,24.21
9004,23,24.21
9005,23,24.21
9006,23,24.21
9007,23,24.21
9008,23,24.21
9009,23,24.21
9010,23,24.21
9011,23,24.21
9012,23,24.21
9013,23,24.21
9014,23,24.21
9015,23,24.21
9016,23,24.21
9017,23,24.21
9018,23,24.21
9019,23,24.21
9020,23,24.21
9021,23,24.21
9022,23,24.21
9023,23,24.21
9024,23,24.21
9025,23,24.21
9026,23,24.21
9027,23,24.21
9028,23,24.21
9029,23,24.21
9030,23,24.21
9031,23,24.21
9032,23,24.21
9033,23,24.21
9034,23,24.21
9035,23,24.21
9036,23,24.21
9037,23,24.21
9038,23,24.21
9039,23,24.21
9040,23,24.21
9041,23,24.21
9042,23,24.21
9043,23,24.21
9044,23,24.21
9045,23,24.21
9046,23,24.21
9047,23,24.21
9048,23,24.21
9049,23,24.21
9050,23,24.21
9051,23,24.21
9052,23,24.21
9053,23,24.21
9054,23,24.21
9055,23,24.21
9056,23,24.21
9057,23,24.21
9058,23,24.21
9059,23,24.21
9060,23,24.21
9061,23,24.21
9062,23,24.21
9063,23,24.21
9064,23,24.21
9065,23,24.21
9066,23,24.21
9067,23,24.21
9068,23,24.21
9069,23,24.21
9070,23,24.21
9071,23,24.21
9072,23,24.21
9073,23,24.21
9074,23,24.21
9075,23,24.21
9076,23,24.21
9077,23,24.21
9078,23,24.21
9079,23,24.21
9080,23,24.21
9081,23,24.21
9082,23,24.21
9083,23,24.21
9084,23,24.21
9085,23,24.21
9086,23,24.21
9087,23,24.21
9088,23,24.21
9089,23,24.21
9090,23,24.21
9091,23,24.21
9092,23,24.21
9093,23,24.21
9094,23,24.21
9095,23,24.21
9096,23,24.21
9097,23,24.21
9098,23,24.21
9099,23,24.21
9100,23,24.21
9101,23,24.21
9102,23,24.21
9103,23,24.21
9104,23,24.21
9105,23,24.21
9106,23,24.21
9107,23,24.21
9108,23,24.21
9109,23,24.21
9110,23,24.21
9111,23,24.21
9112,23,24.21
9113,23,24.21
9114,23,24.21
9115,23,24.21
9116,23,24.21
9117,23,24.21
9118,23,24.21
9119,23,24.21
9120,23,24.21
9121,23,24.21
9122,23,24.21
9123,23,24.21
9124,23,24.21
9125,23,24.21
9126,23,24.21
9127,23,24.21
9128,23,24.21
9129,23,24.21
9130,23,24.21
9131,23,24.21
9132,23,24.21
9133,23,24.21
9134,23,24.21
9135,23,24.21
9136,23,24.21
9137,23,24.21
9138,23,24.21
9139,23,24.21
9140,23,24.21
9141,23,24.21
9142,23,24.21
9143,23,24.21
9144,23,24.21
9145,23,24.21
9146,23,24.21
9147,23,24.21
9148,23,24.21
9149,23,24.21
9150,23,24.21
9151,23,24.21
9152,23,24.21
9153,23,24.21
9154,23,24.21
9155,23,24.21
9156,23,24.21
9157,23,24.21
9158,23,24.21
9159,23,24.21
9160,23,24.21
9161,23,24.21
9162,23,24.21
9163,23,24.21
9164,23,24.21
9165,23,24.21
9166,23,24.21
9167,23,24.21
9168,23,24.21
9169,23,24.21
9170,23,24.21
9171,23,24.21
9172,23,24.21
9173,23,24.21
9174,23,24.21
9175,23,24.21
9176,23,24.21
9177,23,24.21
9178,23,24.21
9179,23,24.21
9180,23,24.21
9181,23,24.21
9182,23,24.21
9183,23,24.21
9184,23,24.21
9185,23,24.21
9186,23,24.21
9187,23,24.21
9188,23,24.21
9189,23,24.21
9190,23,24.21
9191,23,24.21
9192,23,24.21
9193,23,24.21
9194,23,24.21
9195,23,24.21
9196,23,24.21
9197,23,24.21
9198,23,24.21
9199,23,24.21
9200,23,24.21
9201,23,24.21
9202,23,24.21
9203,23,24.21
9204,23,24.21
9205,23,24.21
9206,23,24.21
9207,23,24.21
9208,23,24.21
9209,23,24.21
9210,23,24.21
9211,23,24.21
9212,23,24.21
9213,23,24.21
9214,23,24.21
9215,23,24.21
9216,23,24.21
9217,23,24.21
9218,23,24.21
9219,23,24.21
9220,23,24.21
9221,23,24.21
9222,23,24.21
9223,23,24.21
9224,23,24.21
9225,23,24.21
9226,23,24.21
9227,23,24.21
9228,23,24.21
9229,23,24.21
9230,23,24.21
9231,23,24.21
9232,23,24.21
9233,23,24.21
9234,23,24.21
9235,23,24.21
9236,23,24.21
9237,23,24.21
9238,23,24.21
9239,23,24.21
9240,23,24.21
9241,23,24.21
9242,23,24.21
9243,23,24.21
9244,23,24.21
9245,23,24.21
9246,23,24.21
9247,23,24.21
9248,23,24.21
9249,23,24.21
9250,23,24.21
9251,23,24.21
9252,23,24.21
9253,23,24.21
9254,23,24.21
9255,23,24.21
9256,23,24.21
9257,23,24.21
9258,23,24.21
9259,23,24.21
9260,23,24.21
9261,23,24.21
9262,23,24.21
9263,23,24.21
9264,23,24.21
9265,23,24.21
9266,23,24.21
9267,23,24.21
9268,23,24.21
9269,23,24.21
9270,23,24.21
9271,23,24.21
9272,23,24.21
9273,23,24.21
9274,23,24.21
9275,23,24.21
9276,23,24.21
9277,23,24.21
9278,23,24.21
9279,23,24.21
9280,23,24.21
9281,23,24.21
9282,23,24.21
9283,23,24.21
9284,23,24.21
9285,23,24.21
9286,23,24.21
9287,23,24.21
9288,23,24.21
9289,23,24.21
9290,23,24.21
9291,23,24.21
9292,23,24.21
9293,23,24.21
9294,23,24.21
9295,23,24.21
9296,23,24.21
9297,23,24.21
9298,23,24.21
9299,23,24.21
9300,24,24.27
9301,24,24.27
9302,24,24.27
9303,24,24.27
9304,24,24.27
9305,24,24.27
9306,24,24.27
9307,24,24.27
9308,24,24.27
9309,24,24.27
9310,24,24.27
9311,24,24.27
9312,24,24.27
9313,24,24.27
9314,24,24.27
9315,24,24.27
9316,24,24.27
9317,24,24.27
9318,24,24.27
9319,24,24.27
9320,24,24.27
9321,24,24.27
9322,24,24.27
9323,24,24.27
9324,24,24.27
9325,24,24.27
9326,24,24.27
9327,24,24.27
9328,24,24.27
9329,24,24.27
9330,24,24.27
9331,24,24.27
9332,24,24.27
9333,24,24.27
9334,24,24.27
9335,24,24.27
9336,24,24.27
9337,24,24.27
9338,24,24.27
9339,24,24.27
9340,24,24.27
9341,24,24.27
9342,24,24.27
9343,24,24.27
9344,24,24.27
9345,24,24.27
9346,24,24.27
9347,24,24.27
9348,24,24.27
9349,24,24.27
9350,24,24.27
9351,24,24.27
9352,24,24.27
9353,24,24.27
9354,24,24.27
9355,24,24.27
9356,24,24.27
9357,24,24.27
9358,24,24.27
9359,24,24.27
9360,24,24.27
9361,24,24.27
9362,24,24.27
9363,24,24.27
9364,24,24.27
9365,24,24.27
9366,24,24.27
9367,24,24.27
9368,24,24.27
9369,24,24.27
9370,24,24.27
9371,24,24.27
9372,24,24.27
9373,24,24.27
9374,24,24.27
9375,24,24.27
9376,24,24.27
9377,24,24.27
9378,24,24.27
9379,24,24.27
9380,24,24.27
9381,24,24.27
9382,24,24.27
9383,24,24.27
9384,24,24.27
9385,24,24.27
9386,24,24.27
9387,24,24.27
9388,24,24.27
9389,24,24.27
9390,24,24.27
9391,24,24.27
9392,24,24.27
9393,24,24.27
9394,24,24.27
9395,24,24.27
9396,24,24.27
9397,24,24.27
9398,24,24.27
9399,24,24.27
9400,24,24.27
9401,24,24.27
9402,24,24.27
9403,24,24.27
9404,24,24.27
9405,24,24.27
9406,24,24.27
9407,24,24.27
9408,24,24.27
9409,24,24.27
9410,24,24.27
9411,24,24.27
9412,24,24.27
9413,24,24.27
9414,24,24.27
9415,24,24.27
9416,24,24.27
9417,24,24.27
9418,24,24.27
9419,24,24.27
9420,24,24.27
9421,24,24.27
9422,24,24.27
9423,24,24.27
9424,24,24.27
9425,24,24.27
9426,24,24.27
9427,24,24.27
9428,24,24.27
9429,24,24.27
9430,24,24.27
9431,24,24.27
9432,24,24.27
9433,24,24.27
9434,24,24.27
9435,24,24.27
9436,24,24.27
9437,24,24.27
9438,24,24.27
9439,24,24.27
9440,24,24.27
9441,24,24.27
9442,24,24.27
9443,24,24.27
9444,24,24.27
9445,24,24.27
9446,24,24.27
9447,24,24.27
9448,24,24.27
9449,24,24.27
9450,24,24.27
9451,24,24.27
9452,24,24.27
9453,24,24.27
9454,24,24.27
9455,24,24.27
9456,24,24.27
9457,24,24.27
9458,24,24.27
9459,24,24.27
9460,24,24.27
9461,24,24.27
9462,24,24.27
9463,24,24.27
9464,24,24.27
9465,24,24.27
9466,24,24.27
9467,24,24.27
9468,24,24.27
9469,24,24.27
9470,24,24.27
9471,24,24.27
9472,24,24.27
9473,24,24.27
9474,24,24.27
9475,24,24.27
9476,24,24.27
9477,24,24.27
9478,24,24.27
9479,24,24.27
9480,24,24.27
9481,24,24.27
9482,24,24.27
9483,24,24.27
9484,24,24.27
9485,24,24.27
9486,24,24.27
9487,24,24.27
9488,24,24.27
9489,24,24.27
9490,24,24.27
9491,24,24.27
9492,24,24.27
9493,24,24.27
9494,24,24.27
9495,24,24.27
9496,24,24.27
9497,24,24.27
9498,24,24.27
9499,24,24.27
9500,24,24.27
9501,24,24.27
9502,24,24.27
9503,24,24.27
9504,24,24.27
9505,24,24.27
9506,24,24.27
9507,24,24.27
9508,24,24.27
9509,24,24.27
9510,24,24.27
9511,24,24.27
9512,24,24.27
9513,24,24.27
9514,24,24.27
9515,24,24.27
9516,24,24.27
9517,24,24.27
9518,24,24.27
9519,24,24.27
9520,24,24.27
9521,24,24.27
9522,24,24.27
9523,24,24.27
9524,24,24.27
9525,24,24.27
9526,24,24.27
9527,24,24.27
9528,24,24.27
9529,24,24.27
9530,24,24.27
9531,24,24.27
9532,24,24.27
9533,24,24.27
9534,24,24.27
9535,24,24.27
9536,24,24.27
9537,24,24.27
9538,24,24.27
9539,24,24.27
9540,24,24.27
9541,24,24.27
9542,24,24.27
9543,24,24.27
9544,24,24.27
9545,24,24.27
9546,24,24.27
9547,24,24.27
9548,24,24.27
9549,24,24.27
9550,24,24.27
9551,24,24.27
9552,24,24.27
9553,24,24.27
9554,24,24.27
9555,24,24.27
9556,24,24.27
9557,24,24.27
9558,24,24.27
9559,24,24.27
9560,24,24.27
9561,24,24.27
9562,24,24.27
9563,24,24.27
9564,24,24.27
9565,24,24.27
9566,24,24.27
9567,24,24.27
9568,24,24.27
9569,24,24.27
9570,24,24.27
9571,24,24.27
9572,24,24.27
9573,24,24.27
9574,24,24.27
9575,24,24.27
9576,24,24.27
9577,24,24.27
9578,24,24.27
9579,24,24.27
9580,24,24.27
9581,24,24.27
9582,24,24.27
9583,24,24.27
9584,24,24.27
9585,24,24.27
9586,24,24.27
9587,24,24.27
9588,24,24.27
9589,24,24.27
9590,24,24.27
9591,24,24.27
9592,24,24.27
9593,24,24.27
9594,24,24.27
9595,24,24.27
9596,24,24.27
9597,24,24.27
9598,24,24.27
9599,24,24.27
9600,24,24.27
9601,24,24.27
9602,24,24.27
9603,24,24.27
9604,24,24.27
9605,24,24.27
9606,24,24.27
9607,24,24.27
9608,24,24.27
9609,25,24.31
9610,25,24.31
9611,25,24.31
9612,25,24.31
9613,25,24.31
9614,25,24.31
9615,25,24.31
9616,25,24.31
9617,25,24.31
9618,25,24.31
9619,25,24.31
9620,25,24.31
9621,25,24.31
9622,25,24.31
9623,25,24.31
9624,25,24.31
9625,25,24.31
9626,25,24.31
9627,25,24.31
9628,25,24.31
9629,25,24.31
9630,25,24.31
9631,25,24.31
9632,25,24.31
9633,25,24.31
9634,25,24.31
9635,25,24.31
9636,25,24.31
9637,25,24.31
9638,25,24.31
9639,25,24.31
9640,25,24.31
9641,25,24.31
9642,25,24.31
9643,25,24.31
9644,25,24.31
9645,25,24.31
9646,25,24.31
9647,25,24.31
9648,25,24.31
9649,25,24.31
9650,25,24.31
9651,25,24.31
9652,25,24.31
9653,25,24.31
9654,25,24.31
9655,25,24.31
9656,25,24.31
9657,25,24.31
9658,25,24.31
9659,25,24.31
9660,25,24.31
9661,25,24.31
9662,25,24.31
9663,25,24.31
9664,25,24.31
9665,25,24.31
9666,25,24.31
9667,25,24.31
9668,25,24.31
9669,25,24.31
9670,25,24.31
9671,25,24.31
9672,25,24.31
9673,25,24.31
9674,25,24.31
9675,25,24.31
9676,25,24.31
9677,25,24.31
9678,25,24.31
9679,25,24.31
9680,25,24.31
9681,25,24.31
9682,25,24.31
9683,25,24.31
9684,25,24.31
9685,25,24.31
9686,25,24.31
9687,25,24.31
9688,25,24.31
9689,25,24.31
9690,25,24.31
9691,25,24.31
9692,25,24.31
9693,25,24.31
9694,25,24.31
9695,25,24.31
9696,25,24.31
9697,25,24.31
9698,25,24.31
9699,25,24.31
9700,25,24.31
9701,25,24.31
9702,25,24.31
9703,25,24.31
9704,25,24.31
9705,25,24.31
9706,25,24.31
9707,25,24.31
9708,25,24.31
9709,25,24.31
9710,25,24.31
9711,25,24.31
9712,25,24.31
9713,25,24.31
9714,25,24.31
9715,25,24.31
9716,25,24.31
9717,25,24.31
9718,25,24.31
9719,25,24.31
9720,25,24.31
9721,25,24.31
9722,25,24.31
9723,25,24.31
9724,25,24.31
9725,25,24.31
9726,25,24.31
9727,25,24.31
9728,25,24.31
9729,25,24.31
9730,25,24.31
9731,25,24.31
9732,25,24.31
9733,25,24.31
9734,25,24.31
9735,25,24.31
9736,25,24.31
9737,25,24.31
9738,25,24.31
9739,25,24.31
9740,25,24.31
9741,25,24.31
9742,25,24.31
9743,25,24.31
9744,25,24.31
9745,25,24.31
9746,25,24.31
9747,25,24.31
9748,25,24.31
9749,25,24.31
9750,25,24.31
9751,25,24.31
9752,25,24.31
9753,25,24.31
9754,25,24.31
9755,25,24.31
9756,25,24.31
9757,25,24.31
9758,25,24.31
9759,25,24.31
9760,25,24.31
9761,25,24.31
9762,25,24.31
9763,25,24.31
9764,25,24.31
9765,25,24.31
9766,25,24.31
9767,25,24.31
9768,25,24.31
9769,25,24.31
9770,25,24.31
9771,25,24.31
9772,25,24.31
9773,25,24.31
9774,25,24.31
9775,25,24.31
9776,25,24.31
9777,25,24.31
9778,25,24.31
9779,25,24.31
9780,25,24.31
9781,25,24.31
9782,25,24.31
9783,25,24.31
9784,25,24.31
9785,25,24.31
9786,25,24.31
9787,25,24.31
9788,25,24.31
9789,25,24.31
9790,25,24.31
9791,25,24.31
9792,25,24.31
9793,25,24.31
9794,25,24.31
9795,25,24.31
9796,25,24.31
9797,25,24.31
9798,25,24.31
9799,25,24.31
9800,25,24.31
9801,25,24.31
9802,25,24.31
9803,25,24.31
9804,25,24.31
9805,25,24.31
9806,25,24.31
9807,25,24.31
9808,25,24.31
9809,25,24.31
9810,25,24.31
9811,25,24.31
9812,25,24.31
9813,25,24.31
9814,25,24.31
9815,25,24.31
9816,25,24.31
9817,25,24.31
9818,25,24.31
9819,25,24.31
9820,25,24.31
9821,25,24.31
9822,25,24.31
9823,25,24.31
9824,25,24.31
9825,25,24.31
9826,25,24.31
9827,25,24.31
9828,25,24.31
9829,25,24.31
9830,25,24.31
9831,25,24.31
9832,25,24.31
9833,25,24.31
9834,25,24.31
9835,25,24.31
9836,25,24.31
9837,25,24.31
9838,25,24.31
9839,25,24.31
9840,25,24.31
9841,25,24.31
9842,25,24.31
9843,25,24.31
9844,25,24.31
9845,25,24.31
9846,25,24.31
9847,25,24.31
9848,25,24.31
9849,25,24.31
9850,25,24.31
9851,25,24.31
9852,25,24.31
9853,25,24.31
9854,25,24.31
9855,25,24.31
9856,25,24.31
9857,25,24.31
9858,25,24.31
9859,25,24.31
9860,25,24.31
9861,25,24.31
9862,25,24.31
9863,25,24.31
9864,25,24.31
9865,25,24.31
9866,25,24.31
9867,25,24.31
9868,25,24.31
9869,25,24.31
9870,25,24.31
9871,25,24.31
9872,25,24.31
9873,25,24.31
9874,25,24.31
9875,25,24.31
9876,25,24.31
9877,25,24.31
9878,25,24.31
9879,25,24.31
9880,25,24.31
9881,25,24.31
9882,25,24.31
9883,25,24.31
9884,25,24.31
9885,25,24.31
9886,25,24.31
9887,25,24.31
9888,25,24.31
9889,25,24.31
9890,25,24.31
9891,25,24.31
9892,25,24.31
9893,25,24.31
9894,25,24.31
9895,25,24.31
9896,25,24.31
9897,25,24.31
9898,25,24.31
9899,25,24.31
9900,25,24.31
9901,25,24.31
9902,25,24.31
9903,25,24.31
9904,25,24.31
9905,25,24.31
9906,25,24.31
9907,25,24.31
9908,25,24.31
9909,25,24.31
9910,25,24.31
9911,25,24.31
9912,25,24.31
9913,25,24.31
9914,25,24.31
9915,25,24.31
9916,25,24.31
9917,25,24.31
9918,25,24.31
9919,25,24.31
9920,25,24.31
9921,25,24.31
9922,25,24.31
9923,25,24.31
9924,25,24.31
9925,25,24.31
9926,25,24.31
9927,25,24.31
9928,25,24.31
9929,25,24.31
9930,25,24.31
9931,25,24.31
9932,25,24.31
9933,25,24.31
9934,25,24.31
9935,25,24.31
9936,25,24.31
9937,26,24.43
9938,26,24.43
9939,26,24.43
9940,26,24.43
9941,26,24.43
9942,26,24.43
9943,26,24.43
9944,26,24.43
9945,26,24.43
9946,26,24.43
9947,26,24.43
9948,26,24.43
9949,26,24.43
9950,26,24.43
9951,26,24.43
9952,26,24.43
9953,26,24.43
9954,26,24.43
9955,26,24.43
9956,26,24.43
9957,26,24.43
9958,26,24.43
9959,26,24.43
9960,26,24.43
9961,26,24.43
9962,26,24.43
9963,26,24.43
9964,26,24.43
9965,26,24.43
9966,26,24.43
9967,26,24.43
9968,26,24.43
9969,26,24.43
9970,26,24.43
9971,26,24.43
9972,26,24.43
9973,26,24.43
9974,26,24.43
9975,26,24.43
9976,26,24.43
9977,26,24.43
9978,26,24.43
9979,26,24.43
9980,26,24.43
9981,26,24.43
9982,26,24.43
9983,26,24.43
9984,26,24.43
9985,26,24.43
9986,26,24.43
9987,26,24.43
9988,26,24.43
9989,26,24.43
9990,26,24.43
9991,26,24.43
9992,26,24.43
9993,26,24.43
9994,26,24.43
9995,26,24.43
9996,26,24.43
9997,26,24.43
9998,26,24.43
9999,26,24.43
10000,26,24.43
10001,26,24.43
10002,26,24.43
10003,26,24.43
10004,26,24.43
10005,26,24.43
10006,26,24.43
10007,26,24.43
10008,26,24.43
10009,26,24.43
10010,26,24.43
10011,26,24.43
10012,26,24.43
10013,26,24.43
10014,26,24.43
10015,26,24.43
10016,26,24.43
10017,26,24.43
10018,26,24.43
10019,26,24.43
10020,26,24.43
10021,26,24.43
10022,26,24.43
10023,26,24.43
10024,26,24.43
10025,26,24.43
10026,26,24.43
10027,26,24.43
10028,26,24.43
10029,26,24.43
10030,26,24.43
10031,26,24.43
10032,26,24.43
10033,26,24.43
10034,26,24.43
10035,26,24.43
10036,26,24.43
10037,26,24.43
10038,26,24.43
10039,26,24.43
10040,26,24.43
10041,26,24.43
10042,26,24.43
10043,26,24.43
10044,26,24.43
10045,26,24.43
10046,26,24.43
10047,26,24.43
10048,26,24.43
10049,26,24.43
10050,26,24.43
10051,26,24.43
10052,26,24.43
10053,26,24.43
10054,26,24.43
10055,26,24.43
10056,26,24.43
10057,26,24.43
10058,26,24.43
10059,26,24.43
10060,26,24.43
10061,26,24.43
10062,26,24.43
10063,26,24.43
10064,26,24.43
10065,26,24.43
10066,26,24.43
10067,26,24.43
10068,26,24.43
10069,26,24.43
10070,26,24.43
10071,26,24.43
10072,26,24.43
10073,26,24.43
10074,26,24.43
10075,26,24.43
10076,26,24.43
10077,26,24.43
10078,26,24.43
10079,26,24.43
10080,26,24.43
10081,26,24.43
10082,26,24.43
10083,26,24.43
10084,26,24.43
10085,26,24.43
10086,26,24.43
10087,26,24.43
10088,26,24.43
10089,26,24.43
10090,26,24.43
10091,26,24.43
10092,26,24.43
10093,26,24.43
10094,26,24.43
10095,26,24.43
10096,26,24.43
10097,26,24.43
10098,26,24.43
10099,26,24.43
10100,26,24.43
10101,26,24.43
10102,26,24.43
10103,26,24.43
10104,26,24.43
10105,26,24.43
10106,26,24.43
10107,26,24.43
10108,26,24.43
10109,26,24.43
10110,26,24.43
10111,26,24.43
10112,26,24.43
10113,26,24.43
10114,26,24.43
10115,26,24.43
10116,26,24.43
10117,26,24.43
10118,26,24.43
10119,26,24.43
10120,26,24.43
10121,26,24.43
10122,26,24.43
10123,26,24.43
10124,26,24.43
10125,26,24.43
10126,26,24.43
10127,26,24.43
10128,26,24.43
10129,26,24.43
10130,26,24.43
10131,26,24.43
10132,26,24.43
10133,26,24.43
10134,26,24.43
10135,26,24.43
10136,26,24.43
10137,26,24.43
10138,26,24.43
10139,26,24.43
10140,26,24.43
10141,26,24.43
10142,26,24.43
10143,26,24.43
10144,26,24.43
10145,26,24.43
10146,26,24.43
10147,26,24.43
10148,26,24.43
10149,26,24.43
10150,26,24.43
10151,26,24.43
10152,26,24.43
10153,26,24.43
10154,26,24.43
10155,26,24.43
10156,26,24.43
10157,26,24.43
10158,26,24.43
10159,26,24.43
10160,26,24.43
10161,26,24.43
10162,26,24.43
10163,26,24.43
10164,26,24.43
10165,26,24.43
10166,26,24.43
10167,26,24.43
10168,26,24.43
10169,26,24.43
10170,26,24.43
10171,26,24.43
10172,26,24.43
10173,26,24.43
10174,26,24.43
10175,26,24.43
10176,26,24.43
10177,26,24.43
10178,26,24.43
10179,26,24.43
10180,26,24.43
10181,26,24.43
10182,26,24.43
10183,26,24.43
10184,26,24.43
10185,26,24.43
10186,26,24.43
10187,26,24.43
10188,26,24.43
10189,26,24.43
10190,26,24.43
10191,26,24.43
10192,26,24.43
10193,26,24.43
10194,26,24.43
10195,26,24.43
10196,26,24.43
10197,26,24.43
10198,26,24.43
10199,26,24.43
10200,26,24.43
10201,26,24.43
10202,26,24.43
10203,26,24.43
10204,26,24.43
10205,26,24.43
10206,26,24.43
10207,26,24.43
10208,26,24.43
10209,26,24.43
10210,26,24.43
10211,26,24.43
10212,26,24.43
10213,26,24.43
10214,26,24.43
10215,26,24.43
10216,26,24.43
10217,26,24.43
10218,26,24.43
10219,26,24.43
10220,26,24.43
10221,26,24.43
10222,26,24.43
10223,26,24.43
10224,26,24.43
10225,26,24.43
10226,26,24.43
10227,26,24.43
10228,26,24.43
10229,26,24.43
10230,26,24.43
10231,26,24.43
10232,26,24.43
10233,26,24.43
10234,26,24.43
10235,26,24.43
10236,26,24.43
10237,26,24.43
10238,26,24.43
10239,26,24.43
10240,26,24.43
10241,26,24.43
10242,26,24.43
10243,26,24.43
10244,26,24.43
10245,26,24.43
10246,26,24.43
10247,26,24.43
10248,26,24.43
10249,26,24.43
10250,26,24.43
10251,26,24.43
10252,26,24.43
10253,26,24.43
10254,26,24.43
10255,26,24.43
10256,26,24.43
10257,26,24.43
10258,26,24.43
10259,26,24.43
10260,26,24.43
10261,26,24.43
10262,26,24.43
10263,26,24.43
10264,26,24.43
10265,26,24.43
10266,26,24.43
10267,26,24.43
10268,26,24.43
10269,26,24.43
10270,26,24.43
10271,26,24.43
10272,26,24.43
10273,26,24.43
10274,26,24.43
10275,26,24.43
10276,26,24.43
10277,26,24.43
10278,26,24.43
10279,26,24.43
10280,26,24.43
10281,26,24.43
10282,26,24.43
10283,26,24.43
10284,26,24.43
10285,26,24.43
10286,26,24.43
10287,26,24.43
10288,26,24.43
10289,26,24.43
10290,26,24.43
10291,26,24.43
10292,26,24.43
10293,26,24.43
10294,26,24.43
10295,26,24.43
10296,26,24.43
10297,26,24.43
10298,26,24.43
10299,26,24.43
10300,26,24.43
10301,26,24.43
10302,26,24.43
10303,26,24.43
10304,26,24.43
10305,26,24.43
10306,26,24.43
10307,26,24.43
10308,26,24.43
10309,26,24.43
10310,26,24.43
10311,26,24.43
10312,26,24.43
10313,26,24.43
10314,26,24.43
10315,26,24.43
10316,26,24.43
10317,26,24.43
10318,26,24.43
10319,26,24.43
10320,26,24.43
10321,26,24.43
10322,26,24.43
10323,26,24.43
10324,26,24.43
10325,26,24.43
10326,26,24.43
10327,26,24.43
10328,26,24.43
10329,26,24.43
10330,26,24.43
10331,26,24.43
10332,26,24.43
10333,26,24.43
10334,26,24.43
10335,26,24.43
10336,26,24.43
10337,26,24.43
10338,26,24.43
10339,26,24.43
10340,26,24.43
10341,26,24.43
10342,26,24.43
10343,26,24.43
10344,26,24.43
10345,26,24.43
10346,26,24.43
10347,26,24.43
10348,26,24.43
10349,26,24.43
10350,26,24.43
10351,26,24.43
10352,26,24.43
10353,26,24.43
10354,26,24.43
10355,26,24.43
10356,26,24.43
10357,26,24.43
10358,26,24.43
10359,26,24.43
10360,26,24.43
10361,26,24.43
10362,26,24.43
10363,26,24.43
10364,26,24.43
10365,26,24.43
10366,26,24.43
10367,26,24.43
10368,26,24.43
10369,26,24.43
10370,26,24.43
10371,26,24.43
10372,26,24.43
10373,26,24.43
10374,26,24.43
10375,26,24.43
10376,26,24.43
10377,26,24.43
10378,26,24.43
10379,26,24.43
10380,26,24.43
10381,26,24.43
10382,26,24.43
10383,26,24.43
10384,26,24.43
10385,26,24.43
10386,26,24.43
10387,26,24.43
10388,26,24.43
10389,26,24.43
10390,26,24.43
10391,26,24.43
10392,26,24.43
10393,26,24.43
10394,26,24.43
10395,26,24.43
10396,26,24.43
10397,26,24.43
10398,26,24.43
10399,26,24.43
10400,26,24.43
10401,26,24.43
10402,26,24.43
10403,26,24.43
10404,26,24.43
10405,26,24.43
10406,26,24.43
10407,26,24.43
10408,26,24.43
10409,26,24.43
10410,26,24.43
10411,26,24.43
10412,26,24.43
10413,26,24.43
10414,26,24.43
10415,26,24.43
10416,26,24.43
10417,26,24.43
10418,26,24.43
10419,26,24.43
10420,26,24.43
10421,27,24.44
10422,27,24.44
10423,27,24.44
10424,27,24.44
10425,27,24.44
10426,27,24.44
10427,27,24.44
10428,27,24.44
10429,27,24.44
10430,27,24.44
10431,27,24.44
10432,27,24.44
10433,27,24.44
10434,27,24.44
10435,27,24.44
10436,27,24.44
10437,27,24.44
10438,27,24.44
10439,27,24.44
10440,27,24.44
10441,27,24.44
10442,27,24.44
10443,27,24.44
10444,27,24.44
10445,27,24.44
10446,27,24.44
10447,27,24.44
10448,27,24.44
10449,27,24.44
10450,27,24.44
10451,27,24.44
10452,27,24.44
10453,27,24.44
10454,27,24.44
10455,27,24.44
10456,27,24.44
10457,27,24.44
10458,27,24.44
10459,27,24.44
10460,27,24.44
10461,27,24.44
10462,27,24.44
10463,27,24.44
10464,27,24.44
10465,27,24.44
10466,27,24.44
10467,27,24.44
10468,27,24.44
10469,27,24.44
10470,27,24.44
10471,27,24.44
10472,27,24.44
10473,27,24.44
10474,27,24.44
10475,27,24.44
10476,27,24.44
10477,27,24.44
10478,27,24.44
10479,27,24.44
10480,27,24.44
10481,27,24.44
10482,27,24.44
10483,27,24.44
10484,27,24.44
10485,27,24.44
10486,27,24.44
10487,27,24.44
10488,27,24.44
10489,27,24.44
10490,27,24.44
10491,27,24.44
10492,27,24.44
10493,27,24.44
10494,27,24.44
10495,27,24.44
10496,27,24.44
10497,27,24.44
10498,27,24.44
10499,27,24.44
10500,27,24.44
10501,27,24.44
10502,27,24.44
10503,27,24.44
10504,27,24.44
10505,27,24.44
10506,27,24.44
10507,27,24.44
10508,27,24.44
10509,27,24.44
10510,27,24.44
10511,27,24.44
10512,27,24.44
10513,27,24.44
10514,27,24.44
10515,27,24.44
10516,27,24.44
10517,27,24.44
10518,27,24.44
10519,27,24.44
10520,27,24.44
10521,27,24.44
10522,27,24.44
10523,27,24.44
10524,27,24.44
10525,27,24.44
10526,27,24.44
10527,27,24.44
10528,27,24.44
10529,27,24.44
10530,27,24.44
10531,27,24.44
10532,27,24.44
10533,27,24.44
10534,27,24.44
10535,27,24.44
10536,27,24.44
10537,27,24.44
10538,27,24.44
10539,27,24.44
10540,27,24.44
10541,27,24.44
10542,27,24.44
10543,27,24.44
10544,27,24.44
10545,27,24.44
10546,27,24.44
10547,27,24.44
10548,27,24.44
10549,27,24.44
10550,27,24.44
10551,27,24.44
10552,27,24.44
10553,27,24.44
10554,27,24.44
10555,27,24.44
10556,27,24.44
10557,27,24.44
10558,27,24.44
10559,27,24.44
10560,27,24.44
10561,27,24.44
10562,27,24.44
10563,27,24.44
10564,27,24.44
10565,27,24.44
10566,27,24.44
10567,27,24.44
10568,27,24.44
10569,27,24.44
10570,27,24.44
10571,27,24.44
10572,27,24.44
10573,27,24.44
10574,27,24.44
10575,27,24.44
10576,27,24.44
10577,27,24.44
10578,27,24.44
10579,27,24.44
10580,27,24.44
10581,27,24.44
10582,27,24.44
10583,27,24.44
10584,27,24.44
10585,27,24.44
10586,27,24.44
10587,27,24.44
10588,27,24.44
10589,27,24.44
10590,27,24.44
10591,27,24.44
10592,27,24.44
10593,27,24.44
10594,27,24.44
10595,27,24.44
10596,27,24.44
10597,27,24.44
10598,27,24.44
10599,27,24.44
10600,27,24.44
10601,27,24.44
10602,27,24.44
10603,27,24.44
10604,27,24.44
10605,27,24.44
10606,27,24.44
10607,27,24.44
10608,27,24.44
10609,27,24.44
10610,27,24.44
10611,27,24.44
10612,27,24.44
10613,27,24.44
10614,27,24.44
10615,27,24.44
10616,27,24.44
10617,27,24.44
10618,27,24.44
10619,27,24.44
10620,27,24.44
10621,27,24.44
10622,27,24.44
10623,27,24.44
10624,27,24.44
10625,27,24.44
10626,27,24.44
10627,27,24.44
10628,27,24.44
10629,27,24.44
10630,27,24.44
10631,27,24.44
10632,27,24.44
10633,27,24.44
10634,27,24.44
10635,27,24.44
10636,27,24.44
10637,27,24.44
10638,27,24.44
10639,27,24.44
10640,27,24.44
10641,27,24.44
10642,27,24.44
10643,27,24.44
10644,27,24.44
10645,27,24.44
10646,27,24.44
10647,27,24.44
10648,27,24.44
10649,27,24.44
10650,27,24.44
10651,27,24.44
10652,27,24.44
10653,27,24.44
10654,27,24.44
10655,27,24.44
10656,27,24.44
10657,27,24.44
10658,27,24.44
10659,27,24.44
10660,27,24.44
10661,27,24.44
10662,27,24.44
10663,27,24.44
10664,27,24.44
10665,27,24.44
10666,27,24.44
10667,27,24.44
10668,27,24.44
10669,27,24.44
10670,27,24.44
10671,27,24.44
10672,27,24.44
10673,27,24.44
10674,27,24.44
10675,27,24.44
10676,27,24.44
10677,27,24.44
10678,27,24.44
10679,27,24.44
10680,27,24.44
10681,27,24.44
10682,27,24.44
10683,27,24.44
10684,27,24.44
10685,27,24.44
10686,27,24.44
10687,27,24.44
10688,27,24.44
10689,27,24.44
10690,27,24.44
10691,27,24.44
10692,27,24.44
10693,27,24.44
10694,27,24.44
10695,27,24.44
10696,27,24.44
10697,27,24.44
10698,27,24.44
10699,27,24.44
10700,27,24.44
10701,27,24.44
10702,27,24.44
10703,27,24.44
10704,27,24.44
10705,27,24.44
10706,27,24.44
10707,27,24.44
10708,27,24.44
10709,27,24.44
10710,27,24.44
10711,27,24.44
10712,27,24.44
10713,27,24.44
10714,27,24.44
10715,27,24.44
10716,27,24.44
10717,27,24.44
10718,27,24.44
10719,27,24.44
10720,27,24.44
10721,27,24.44
10722,27,24.44
10723,27,24.44
10724,27,24.44
10725,27,24.44
10726,27,24.44
10727,27,24.44
10728,27,24.44
10729,27,24.44
10730,27,24.44
10731,27,24.44
10732,27,24.44
10733,27,24.44
10734,27,24.44
10735,27,24.44
10736,27,24.44
10737,27,24.44
10738,27,24.44
10739,27,24.44
10740,27,24.44
10741,27,24.44
10742,27,24.44
10743,27,24.44
10744,27,24.44
10745,27,24.44
10746,27,24.44
10747,27,24.44
10748,27,24.44
10749,27,24.44
10750,27,24.44
10751,27,24.44
10752,27,24.44
10753,27,24.44
10754,27,24.44
10755,27,24.44
10756,27,24.44
10757,27,24.44
10758,27,24.44
10759,27,24.44
10760,27,24.44
10761,27,24.44
10762,27,24.44
10763,27,24.44
10764,27,24.44
10765,27,24.44
10766,27,24.44
10767,27,24.44
10768,27,24.44
10769,27,24.44
10770,27,24.44
10771,27,24.44
10772,27,24.44
10773,27,24.44
10774,27,24.44
10775,27,24.44
10776,27,24.44
10777,27,24.44
10778,27,24.44
10779,27,24.44
10780,27,24.44
10781,27,24.44
10782,27,24.44
10783,27,24.44
10784,27,24.44
10785,27,24.44
10786,27,24.44
10787,27,24.44
10788,27,24.44
10789,27,24.44
10790,27,24.44
10791,27,24.44
10792,27,24.44
10793,27,24.44
10794,27,24.44
10795,27,24.44
10796,27,24.44
10797,27,24.44
10798,27,24.44
10799,27,24.44
10800,27,24.44
10801,27,24.44
10802,27,24.44
10803,27,24.44
10804,27,24.44
10805,27,24.44
10806,27,24.44
10807,27,24.44
10808,27,24.44
10809,27,24.44
10810,27,24.44
10811,27,24.44
10812,27,24.44
10813,27,24.44
10814,27,24.44
10815,27,24.44
10816,27,24.44
10817,27,24.44
10818,27,24.44
10819,27,24.44
10820,27,24.44
10821,27,24.44
10822,27,24.44
10823,27,24.44
10824,27,24.44
10825,27,24.44
10826,27,24.44
10827,27,24.44
10828,27,24.44
10829,27,24.44
10830,27,24.44
10831,27,24.44
10832,27,24.44
10833,27,24.44
10834,27,24.44
10835,27,24.44
10836,27,24.44
10837,27,24.44
10838,27,24.44
10839,27,24.44
10840,27,24.44
10841,27,24.44
10842,27,24.44
10843,27,24.44
10844,27,24.44
10845,27,24.44
10846,27,24.44
10847,27,24.44
10848,27,24.44
10849,27,24.44
10850,27,24.44
10851,27,24.44
10852,27,24.44
10853,27,24.44
10854,27,24.44
10855,27,24.44
10856,27,24.44
10857,27,24.44
10858,27,24.44
10859,27,24.44
10860,27,24.44
10861,27,24.44
10862,28,24.49
10863,28,24.49
10864,28,24.49
10865,28,24.49
10866,28,24.49
10867,28,24.49
10868,28,24.49
10869,28,24.49
10870,28,24.49
10871,28,24.49
10872,28,24.49
10873,28,24.49
10874,28,24.49
10875,28,24.49
10876,28,24.49
10877,28,24.49
10878,28,24.49
10879,28,24.49
10880,28,24.49
10881,28,24.49
10882,28,24.49
10883,28,24.49
10884,28,24.49
10885,28,24.49
10886,28,24.49
10887,28,24.49
10888,28,24.49
10889,28,24.49
10890,28,24.49
10891,28,24.49
10892,28,24.49
10893,28,24.49
10894,28,24.49
10895,28,24.49
10896,28,24.49
10897,28,24.49
10898,28,24.49
10899,28,24.49
10900,28,24.49
10901,28,24.49
10902,28,24.49
10903,28,24.49
10904,28,24.49
10905,28,24.49
10906,28,24.49
10907,28,24.49
10908,28,24.49
10909,28,24.49
10910,28,24.49
10911,28,24.49
10912,28,24.49
10913,28,24.49
10914,28,24.49
10915,28,24.49
10916,28,24.49
10917,28,24.49
10918,28,24.49
10919,28,24.49
10920,28,24.49
10921,28,24.49
10922,28,24.49
10923,28,24.49
10924,28,24.49
10925,28,24.49
10926,28,24.49
10927,28,24.49
10928,28,24.49
10929,28,24.49
10930,28,24.49
10931,28,24.49
10932,28,24.49
10933,28,24.49
10934,28,24.49
10935,28,24.49
10936,28,24.49
10937,28,24.49
10938,28,24.49
10939,28,24.49
10940,28,24.49
10941,28,24.49
10942,28,24.49
10943,28,24.49
10944,28,24.49
10945,28,24.49
10946,28,24.49
10947,28,24.49
10948,28,24.49
10949,28,24.49
10950,28,24.49
10951,28,24.49
10952,28,24.49
10953,28,24.49
10954,28,24.49
10955,28,24.49
10956,28,24.49
10957,28,24.49
10958,28,24.49
10959,28,24.49
10960,28,24.49
10961,28,24.49
10962,28,24.49
10963,28,24.49
10964,28,24.49
10965,28,24.49
10966,28,24.49
10967,28,24.49
10968,28,24.49
10969,28,24.49
10970,28,24.49
10971,28,24.49
10972,28,24.49
10973,28,24.49
10974,28,24.49
10975,28,24.49
10976,28,24.49
10977,28,24.49
10978,28,24.49
10979,28,24.49
10980,28,24.49
10981,28,24.49
10982,28,24.49
10983,28,24.49
10984,28,24.49
10985,28,24.49
10986,28,24.49
10987,28,24.49
10988,28,24.49
10989,28,24.49
10990,28,24.49
10991,28,24.49
10992,28,24.49
10993,28,24.49
10994,28,24.49
10995,28,24.49
10996,28,24.49
10997,28,24.49
10998,28,24.49
10999,28,24.49
11000,28,24.49
11001,28,24.49
11002,28,24.49
11003,28,24.49
11004,28,24.49
11005,28,24.49
11006,28,24.49
11007,28,24.49
11008,28,24.49
11009,28,24.49
11010,28,24.49
11011,28,24.49
11012,28,24.49
11013,28,24.49
11014,28,24.49
11015,28,24.49
11016,28,24.49
11017,28,24.49
11018,28,24.49
11019,28,24.49
11020,28,24.49
11021,28,24.49
11022,28,24.49
11023,28,24.49
11024,28,24.49
11025,28,24.49
11026,28,24.49
11027,28,24.49
11028,28,24.49
11029,28,24.49
11030,28,24.49
11031,28,24.49
11032,28,24.49
11033,28,24.49
11034,28,24.49
11035,28,24.49
11036,28,24.49
11037,28,24.49
11038,28,24.49
11039,28,24.49
11040,28,24.49
11041,28,24.49
11042,28,24.49
11043,28,24.49
11044,28,24.49
11045,28,24.49
11046,28,24.49
11047,28,24.49
11048,28,24.49
11049,28,24.49
11050,28,24.49
11051,28,24.49
11052,28,24.49
11053,28,24.49
11054,28,24.49
11055,28,24.49
11056,28,24.49
11057,28,24.49
11058,28,24.49
11059,28,24.49
11060,28,24.49
11061,28,24.49
11062,28,24.49
11063,28,24.49
11064,28,24.49
11065,28,24.49
11066,28,24.49
11067,28,24.49
11068,28,24.49
11069,28,24.49
11070,28,24.49
11071,28,24.49
11072,28,24.49
11073,28,24.49
11074,28,24.49
11075,28,24.49
11076,28,24.49
11077,28,24.49
11078,28,24.49
11079,28,24.49
11080,28,24.49
11081,28,24.49
11082,28,24.49
11083,28,24.49
11084,28,24.49
11085,28,24.49
11086,28,24.49
11087,28,24.49
11088,28,24.49
11089,28,24.49
11090,28,24.49
11091,28,24.49
11092,28,24.49
11093,28,24.49
11094,28,24.49
11095,28,24.49
11096,28,24.49
11097,28,24.49
11098,28,24.49
11099,28,24.49
11100,28,24.49
11101,28,24.49
11102,28,24.49
11103,28,24.49
11104,28,24.49
11105,28,24.49
11106,28,24.49
11107,28,24.49
11108,28,24.49
11109,28,24.49
11110,28,24.49
11111,28,24.49
11112,28,24.49
11113,28,24.49
11114,28,24.49
11115,28,24.49
11116,28,24.49
11117,28,24.49
11118,28,24.49
11119,28,24.49
11120,28,24.49
11121,28,24.49
11122,28,24.49
11123,28,24.49
11124,28,24.49
11125,28,24.49
11126,28,24.49
11127,28,24.49
11128,28,24.49
11129,28,24.49
11130,28,24.49
11131,28,24.49
11132,28,24.49
11133,28,24.49
11134,28,24.49
11135,28,24.49
11136,28,24.49
11137,28,24.49
11138,28,24.49
11139,28,24.49
11140,28,24.49
11141,28,24.49
11142,28,24.49
11143,28,24.49
11144,28,24.49
11145,28,24.49
11146,28,24.49
11147,28,24.49
11148,28,24.49
11149,28,24.49
11150,28,24.49
11151,28,24.49
11152,28,24.49
11153,28,24.49
11154,28,24.49
11155,28,24.49
11156,28,24.49
11157,28,24.49
11158,28,24.49
11159,28,24.49
11160,28,24.49
11161,28,24.49
11162,28,24.49
11163,28,24.49
11164,28,24.49
11165,28,24.49
11166,28,24.49
11167,28,24.49
11168,28,24.49
11169,28,24.49
11170,28,24.49
11171,28,24.49
11172,28,24.49
11173,28,24.49
11174,28,24.49
11175,28,24.49
11176,28,24.49
11177,28,24.49
11178,28,24.49
11179,28,24.49
11180,28,24.49
11181,28,24.49
11182,28,24.49
11183,28,24.49
11184,28,24.49
11185,28,24.49
11186,28,24.49
11187,28,24.49
11188,28,24.49
11189,28,24.49
11190,28,24.49
11191,28,24.49
11192,28,24.49
11193,28,24.49
11194,28,24.49
11195,28,24.49
11196,28,24.49
11197,28,24.49
11198,28,24.49
11199,28,24.49
11200,28,24.49
11201,28,24.49
11202,28,24.49
11203,28,24.49
11204,28,24.49
11205,28,24.49
11206,28,24.49
11207,28,24.49
11208,28,24.49
11209,28,24.49
11210,28,24.49
11211,28,24.49
11212,28,24.49
11213,28,24.49
11214,28,24.49
11215,28,24.49
11216,28,24.49
11217,28,24.49
11218,28,24.49
11219,28,24.49
11220,28,24.49
11221,28,24.49
11222,28,24.49
11223,28,24.49
11224,28,24.49
11225,28,24.49
11226,28,24.49
11227,28,24.49
11228,28,24.49
11229,28,24.49
11230,28,24.49
11231,28,24.49
11232,28,24.49
11233,28,24.49
11234,28,24.49
11235,28,24.49
11236,28,24.49
11237,28,24.49
11238,28,24.49
11239,28,24.49
11240,28,24.49
11241,28,24.49
11242,28,24.49
11243,28,24.49
11244,28,24.49
11245,28,24.49
11246,28,24.49
11247,28,24.49
11248,28,24.49
11249,28,24.49
11250,28,24.49
11251,28,24.49
11252,28,24.49
11253,29,24.55
11254,29,24.55
11255,29,24.55
11256,29,24.55
11257,29,24.55
11258,29,24.55
11259,29,24.55
11260,29,24.55
11261,29,24.55
11262,29,24.55
11263,29,24.55
11264,29,24.55
11265,29,24.55
11266,29,24.55
11267,29,24.55
11268,29,24.55
11269,29,24.55
11270,29,24.55
11271,29,24.55
11272,29,24.55
11273,29,24.55
11274,29,24.55
11275,29,24.55
11276,29,24.55
11277,29,24.55
11278,29,24.55
11279,29,24.55
11280,29,24.55
11281,29,24.55
11282,29,24.55
11283,29,24.55
11284,29,24.55
11285,29,24.55
11286,29,24.55
11287,29,24.55
11288,29,24.55
11289,29,24.55
11290,29,24.55
11291,29,24.55
11292,29,24.55
11293,29,24.55
11294,29,24.55
11295,29,24.55
11296,29,24.55
11297,29,24.55
11298,29,24.55
11299,29,24.55
11300,29,24.55
11301,29,24.55
11302,29,24.55
11303,29,24.55
11304,29,24.55
11305,29,24.55
11306,29,24.55
11307,29,24.55
11308,29,24.55
11309,29,24.55
11310,29,24.55
11311,29,24.55
11312,29,24.55
11313,29,24.55
11314,29,24.55
11315,29,24.55
11316,29,24.55
11317,29,24.55
11318,29,24.55
11319,29,24.55
11320,29,24.55
11321,29,24.55
11322,29,24.55
11323,29,24.55
11324,29,24.55
11325,29,24.55
11326,29,24.55
11327,29,24.55
11328,29,24.55
11329,29,24.55
11330,29,24.55
11331,29,24.55
11332,29,24.55
11333,29,24.55
11334,29,24.55
11335,29,24.55
11336,29,24.55
11337,29,24.55
11338,29,24.55
11339,29,24.55
11340,29,24.55
11341,29,24.55
11342,29,24.55
11343,29,24.55
11344,29,24.55
11345,29,24.55
11346,29,24.55
11347,29,24.55
11348,29,24.55
11349,29,24.55
11350,29,24.55
11351,29,24.55
11352,29,24.55
11353,29,24.55
11354,29,24.55
11355,29,24.55
11356,29,24.55
11357,29,24.55
11358,29,24.55
11359,29,24.55
11360,29,24.55
11361,29,24.55
11362,29,24.55
11363,29,24.55
11364,29,24.55
11365,29,24.55
11366,29,24.55
11367,29,24.55
11368,29,24.55
11369,29,24.55
11370,29,24.55
11371,29,24.55
11372,29,24.55
11373,29,24.55
11374,29,24.55
11375,29,24.55
11376,29,24.55
11377,29,24.55
11378,29,24.55
11379,29,24.55
11380,29,24.55
11381,29,24.55
11382,29,24.55
11383,29,24.55
11384,29,24.55
11385,29,24.55
11386,29,24.55
11387,29,24.55
11388,29,24.55
11389,29,24.55
11390,29,24.55
11391,29,24.55
11392,29,24.55
11393,29,24.55
11394,29,24.55
11395,29,24.55
11396,29,24.55
11397,29,24.55
11398,29,24.55
11399,29,24.55
11400,29,24.55
11401,29,24.55
11402,29,24.55
11403,29,24.55
11404,29,24.55
11405,29,24.55
11406,29,24.55
11407,29,24.55
11408,29,24.55
11409,29,24.55
11410,29,24.55
11411,29,24.55
11412,29,24.55
11413,29,24.55
11414,29,24.55
11415,29,24.55
11416,29,24.55
11417,29,24.55
11418,29,24.55
11419,29,24.55
11420,29,24.55
11421,29,24.55
11422,29,24.55
11423,29,24.55
11424,29,24.55
11425,29,24.55
11426,29,24.55
11427,29,24.55
11428,29,24.55
11429,29,24.55
11430,29,24.55
11431,29,24.55
11432,29,24.55
11433,29,24.55
11434,29,24.55
11435,29,24.55
11436,29,24.55
11437,29,24.55
11438,29,24.55
11439,29,24.55
11440,29,24.55
11441,29,24.55
11442,29,24.55
11443,29,24.55
11444,29,24.55
11445,29,24.55
11446,29,24.55
11447,29,24.55
11448,29,24.55
11449,29,24.55
11450,29,24.55
11451,29,24.55
11452,29,24.55
11453,29,24.55
11454,29,24.55
11455,29,24.55
11456,29,24.55
11457,29,24.55
11458,29,24.55
11459,29,24.55
11460,29,24.55
11461,29,24.55
11462,29,24.55
11463,29,24.55
11464,29,24.55
11465,29,24.55
11466,29,24.55
11467,29,24.55
11468,29,24.55
11469,29,24.55
11470,29,24.55
11471,29,24.55
11472,29,24.55
11473,29,24.55
11474,29,24.55
11475,29,24.55
11476,29,24.55
11477,29,24.55
11478,29,24.55
11479,29,24.55
11480,29,24.55
11481,29,24.55
11482,29,24.55
11483,29,24.55
11484,29,24.55
11485,29,24.55
11486,29,24.55
11487,29,24.55
11488,29,24.55
11489,29,24.55
11490,29,24.55
11491,29,24.55
11492,29,24.55
11493,29,24.55
11494,29,24.55
11495,29,24.55
11496,29,24.55
11497,29,24.55
11498,29,24.55
11499,29,24.55
11500,29,24.55
11501,29,24.55
11502,29,24.55
11503,29,24.55
11504,29,24.55
11505,29,24.55
11506,29,24.55
11507,29,24.55
11508,29,24.55
11509,29,24.55
11510,29,24.55
11511,29,24.55
11512,29,24.55
11513,29,24.55
11514,29,24.55
11515,29,24.55
11516,29,24.55
11517,29,24.55
11518,29,24.55
11519,29,24.55
11520,29,24.55
11521,29,24.55
11522,29,24.55
11523,29,24.55
11524,29,24.55
11525,29,24.55
11526,29,24.55
11527,29,24.55
11528,29,24.55
11529,29,24.55
11530,29,24.55
11531,29,24.55
11532,29,24.55
11533,29,24.55
11534,29,24.55
11535,29,24.55
11536,29,24.55
11537,29,24.55
11538,29,24.55
11539,29,24.55
11540,29,24.55
11541,29,24.55
11542,29,24.55
11543,29,24.55
11544,29,24.55
11545,29,24.55
11546,29,24.55
11547,29,24.55
11548,29,24.55
11549,29,24.55
11550,29,24.55
11551,29,24.55
11552,29,24.55
11553,29,24.55
11554,29,24.55
11555,29,24.55
11556,29,24.55
11557,29,24.55
11558,29,24.55
11559,29,24.55
11560,29,24.55
11561,29,24.55
11562,29,24.55
11563,29,24.55
11564,29,24.55
11565,29,24.55
11566,29,24.55
11567,29,24.55
11568,29,24.55
11569,29,24.55
11570,29,24.55
11571,29,24.55
11572,29,24.55
11573,29,24.55
11574,29,24.55
11575,29,24.55
11576,29,24.55
11577,29,24.55
11578,29,24.55
11579,29,24.55
11580,29,24.55
11581,29,24.55
11582,29,24.55
11583,29,24.55
11584,29,24.55
11585,29,24.55
11586,29,24.55
11587,29,24.55
11588,29,24.55
11589,29,24.55
11590,29,24.55
11591,29,24.55
11592,29,24.55
11593,29,24.55
11594,29,24.55
11595,29,24.55
11596,29,24.55
11597,29,24.55
11598,29,24.55
11599,29,24.55
11600,29,24.55
11601,29,24.55
11602,29,24.55
11603,29,24.55
11604,29,24.55
11605,29,24.55
11606,29,24.55
11607,29,24.55
11608,29,24.55
11609,29,24.55
11610,29,24.55
11611,29,24.55
11612,29,24.55
11613,29,24.55
11614,29,24.55
11615,29,24.55
11616,29,24.55
11617,29,24.55
11618,29,24.55
11619,29,24.55
11620,29,24.55
11621,29,24.55
11622,29,24.55
11623,29,24.55
11624,29,24.55
11625,29,24.55
11626,29,24.55
11627,29,24.55
11628,29,24.55
11629,29,24.55
11630,29,24.55
11631,29,24.55
11632,29,24.55
11633,29,24.55
11634,29,24.55
11635,29,24.55
11636,29,24.55
11637,29,24.55
11638,29,24.55
11639,29,24.55
11640,29,24.55
11641,29,24.55
11642,29,24.55
11643,29,24.55
11644,29,24.55
11645,29,24.55
11646,29,24.55
11647,29,24.55
11648,29,24.55
11649,29,24.55
11650,29,24.55
11651,29,24.55
11652,29,24.55
11653,29,24.55
11654,29,24.55
11655,29,24.55
11656,29,24.55
11657,29,24.55
11658,29,24.55
11659,29,24.55
11660,29,24.55
11661,29,24.55
11662,29,24.55
11663,29,24.55
11664,29,24.55
11665,29,24.55
11666,29,24.55
11667,29,24.55
11668,29,24.55
11669,29,24.55
11670,29,24.55
11671,29,24.55
11672,29,24.55
11673,29,24.55
11674,29,24.55
11675,29,24.55
11676,29,24.55
11677,29,24.55
11678,29,24.55
11679,29,24.55
11680,29,24.55
11681,29,24.55
11682,29,24.55
11683,29,24.55
11684,29,24.55
11685,29,24.55
11686,29,24.55
11687,29,24.55
11688,29,24.55
11689,29,24.55
11690,29,24.55
11691,29,24.55
11692,29,24.55
11693,29,24.55
11694,29,24.55
11695,29,24.55
11696,29,24.55
11697,29,24.55
11698,29,24.55
11699,29,24.55
11700,29,24.55
11701,29,24.55
11702,29,24.55
11703,29,24.55
11704,29,24.55
11705,29,24.55
11706,29,24.55
11707,29,24.55
11708,29,24.55
11709,29,24.55
11710,29,24.55
11711,29,24.55
11712,29,24.55
11713,29,24.55
11714,29,24.55
11715,29,24.55
11716,29,24.55
11717,29,24.55
11718,29,24.55
11719,29,24.55
11720,29,24.55
11721,29,24.55
11722,29,24.55
11723,29,24.55
11724,29,24.55
11725,29,24.55
11726,29,24.55
11727,29,24.55
11728,29,24.55
11729,29,24.55
11730,29,24.55
11731,29,24.55
11732,29,24.55
11733,29,24.55
11734,29,24.55
11735,30,24.63
11736,30,24.63
11737,30,24.63
11738,30,24.63
11739,30,24.63
11740,30,24.63
11741,30,24.63
11742,30,24.63
11743,30,24.63
11744,30,24.63
11745,30,24.63
11746,30,24.63
11747,30,24.63
11748,30,24.63
11749,30,24.63
11750,30,24.63
11751,30,24.63
11752,30,24.63
11753,30,24.63
11754,30,24.63
11755,30,24.63
11756,30,24.63
11757,30,24.63
11758,30,24.63
11759,30,24.63
11760,30,24.63
11761,30,24.63
11762,30,24.63
11763,30,24.63
11764,30,24.63
11765,30,24.63
11766,30,24.63
11767,30,24.63
11768,30,24.63
11769,30,24.63
11770,30,24.63
11771,30,24.63
11772,30,24.63
11773,30,24.63
11774,30,24.63
11775,30,24.63
11776,30,24.63
11777,30,24.63
11778,30,24.63
11779,30,24.63
11780,30,24.63
11781,30,24.63
11782,30,24.63
11783,30,24.63
11784,30,24.63
11785,30,24.63
11786,30,24.63
11787,30,24.63
11788,30,24.63
11789,30,24.63
11790,30,24.63
11791,30,24.63
11792,30,24.63
11793,30,24.63
11794,30,24.63
11795,30,24.63
11796,30,24.63
11797,30,24.63
11798,30,24.63
11799,30,24.63
11800,30,24.63
11801,30,24.63
11802,30,24.63
11803,30,24.63
11804,30,24.63
11805,30,24.63
11806,30,24.63
11807,30,24.63
11808,30,24.63
11809,30,24.63
11810,30,24.63
11811,30,24.63
11812,30,24.63
11813,30,24.63
11814,30,24.63
11815,30,24.63
11816,30,24.63
11817,30,24.63
11818,30,24.63
11819,30,24.63
11820,30,24.63
11821,30,24.63
11822,30,24.63
11823,30,24.63
11824,30,24.63
11825,30,24.63
11826,30,24.63
11827,30,24.63
11828,30,24.63
11829,30,24.63
11830,30,24.63
11831,30,24.63
11832,30,24.63
11833,30,24.63
11834,30,24.63
11835,30,24.63
11836,30,24.63
11837,30,24.63
11838,30,24.63
11839,30,24.63
11840,30,24.63
11841,30,24.63
11842,30,24.63
11843,30,24.63
11844,30,24.63
11845,30,24.63
11846,30,24.63
11847,30,24.63
11848,30,24.63
11849,30,24.63
11850,30,24.63
11851,30,24.63
11852,30,24.63
11853,30,24.63
11854,30,24.63
11855,30,24.63
11856,30,24.63
11857,30,24.63
11858,30,24.63
11859,30,24.63
11860,30,24.63
11861,30,24.63
11862,30,24.63
11863,30,24.63
11864,30,24.63
11865,30,24.63
11866,30,24.63
11867,30,24.63
11868,30,24.63
11869,30,24.63
11870,30,24.63
11871,30,24.63
11872,30,24.63
11873,30,24.63
11874,30,24.63
11875,30,24.63
11876,30,24.63
11877,30,24.63
11878,30,24.63
11879,30,24.63
11880,30,24.63
11881,30,24.63
11882,30,24.63
11883,30,24.63
11884,30,24.63
11885,30,24.63
11886,30,24.63
11887,30,24.63
11888,30,24.63
11889,30,24.63
11890,30,24.63
11891,30,24.63
11892,30,24.63
11893,30,24.63
11894,30,24.63
11895,30,24.63
11896,30,24.63
11897,30,24.63
11898,30,24.63
11899,30,24.63
11900,30,24.63
11901,30,24.63
11902,30,24.63
11903,30,24.63
11904,30,24.63
11905,30,24.63
11906,30,24.63
11907,30,24.63
11908,30,24.63
11909,30,24.63
11910,30,24.63
11911,30,24.63
11912,30,24.63
11913,30,24.63
11914,30,24.63
11915,30,24.63
11916,30,24.63
11917,30,24.63
11918,30,24.63
11919,30,24.63
11920,30,24.63
11921,30,24.63
11922,30,24.63
11923,30,24.63
11924,30,24.63
11925,30,24.63
11926,30,24.63
11927,30,24.63
11928,30,24.63
11929,30,24.63
11930,30,24.63
11931,30,24.63
11932,30,24.63
11933,30,24.63
11934,30,24.63
11935,30,24.63
11936,30,24.63
11937,30,24.63
11938,30,24.63
11939,30,24.63
11940,30,24.63
11941,30,24.63
11942,30,24.63
11943,30,24.63
11944,30,24.63
11945,30,24.63
11946,30,24.63
11947,30,24.63
11948,30,24.63
11949,30,24.63
11950,30,24.63
11951,30,24.63
11952,30,24.63
11953,30,24.63
11954,30,24.63
11955,30,24.63
11956,30,24.63
11957,30,24.63
11958,30,24.63
11959,30,24.63
11960,30,24.63
11961,30,24.63
11962,30,24.63
11963,30,24.63
11964,30,24.63
11965,30,24.63
11966,30,24.63
11967,30,24.63
11968,30,24.63
11969,30,24.63
11970,30,24.63
11971,30,24.63
11972,30,24.63
11973,30,24.63
11974,30,24.63
11975,30,24.63
11976,30,24.63
11977,30,24.63
11978,30,24.63
11979,30,24.63
11980,30,24.63
11981,30,24.63
11982,30,24.63
11983,30,24.63
11984,30,24.63
11985,30,24.63
11986,30,24.63
11987,30,24.63
11988,30,24.63
11989,30,24.63
11990,30,24.63
11991,30,24.63
11992,30,24.63
11993,30,24.63
11994,30,24.63
11995,30,24.63
11996,30,24.63
11997,30,24.63
11998,30,24.63
11999,30,24.63
12000,30,24.63
12001,30,24.63
12002,30,24.63
12003,30,24.63
12004,30,24.63
12005,30,24.63
12006,30,24.63
12007,30,24.63
12008,30,24.63
12009,30,24.63
12010,30,24.63
12011,30,24.63
12012,30,24.63
12013,30,24.63
12014,30,24.63
12015,30,24.63
12016,30,24.63
12017,30,24.63
12018,30,24.63
12019,30,24.63
12020,30,24.63
12021,30,24.63
12022,30,24.63
12023,30,24.63
12024,30,24.63
12025,30,24.63
12026,30,24.63
12027,30,24.63
12028,30,24.63
12029,30,24.63
12030,30,24.63
12031,30,24.63
12032,30,24.63
12033,30,24.63
12034,30,24.63
12035,30,24.63
12036,30,24.63
12037,30,24.63
12038,30,24.63
12039,30,24.63
12040,30,24.63
12041,30,24.63
12042,30,24.63
12043,30,24.63
12044,30,24.63
12045,30,24.63
12046,30,24.63
12047,30,24.63
12048,30,24.63
12049,30,24.63
12050,30,24.63
12051,30,24.63
12052,30,24.63
12053,30,24.63
12054,30,24.63
12055,30,24.63
12056,30,24.63
12057,30,24.63
12058,30,24.63
12059,30,24.63
12060,30,24.63
12061,30,24.63
12062,30,24.63
12063,30,24.63
12064,30,24.63
12065,30,24.63
12066,30,24.63
12067,30,24.63
12068,30,24.63
12069,30,24.63
12070,30,24.63
12071,30,24.63
12072,30,24.63
12073,30,24.63
12074,30,24.63
12075,30,24.63
12076,30,24.63
12077,30,24.63
12078,30,24.63
12079,30,24.63
12080,30,24.63
12081,30,24.63
12082,30,24.63
12083,30,24.63
12084,30,24.63
12085,30,24.63
12086,30,24.63
12087,30,24.63
12088,30,24.63
12089,30,24.63
12090,30,24.63
12091,30,24.63
12092,30,24.63
12093,30,24.63
12094,30,24.63
12095,30,24.63
12096,31,24.65
12097,31,24.65
12098,31,24.65
12099,31,24.65
12100,31,24.65
12101,31,24.65
12102,31,24.65
12103,31,24.65
12104,31,24.65
12105,31,24.65
12106,31,24.65
12107,31,24.65
12108,31,24.65
12109,31,24.65
12110,31,24.65
12111,31,24.65
12112,31,24.65
12113,31,24.65
12114,31,24.65
12115,31,24.65
12116,31,24.65
12117,31,24.65
12118,31,24.65
12119,31,24.65
12120,31,24.65
12121,31,24.65
12122,31,24.65
12123,31,24.65
12124,31,24.65
12125,31,24.65
12126,31,24.65
12127,31,24.65
12128,31,24.65
12129,31,24.65
12130,31,24.65
12131,31,24.65
12132,31,24.65
12133,31,24.65
12134,31,24.65
12135,31,24.65
12136,31,24.65
12137,31,24.65
12138,31,24.65
12139,31,24.65
12140,31,24.65
12141,31,24.65
12142,31,24.65
12143,31,24.65
12144,31,24.65
12145,31,24.65
12146,31,24.65
12147,31,24.65
12148,31,24.65
12149,31,24.65
12150,31,24.65
12151,31,24.65
12152,31,24.65
12153,31,24.65
12154,31,24.65
12155,31,24.65
12156,31,24.65
12157,31,24.65
12158,31,24.65
12159,31,24.65
12160,31,24.65
12161,31,24.65
12162,31,24.65
12163,31,24.65
12164,31,24.65
12165,31,24.65
12166,31,24.65
12167,31,24.65
12168,31,24.65
12169,31,24.65
12170,31,24.65
12171,31,24.65
12172,31,24.65
12173,31,24.65
12174,31,24.65
12175,31,24.65
12176,31,24.65
12177,31,24.65
12178,31,24.65
12179,31,24.65
12180,31,24.65
12181,31,24.65
12182,31,24.65
12183,31,24.65
12184,31,24.65
12185,31,24.65
12186,31,24.65
12187,31,24.65
12188,31,24.65
12189,31,24.65
12190,31,24.65
12191,31,24.65
12192,31,24.65
12193,31,24.65
12194,31,24.65
12195,31,24.65
12196,31,24.65
12197,31,24.65
12198,31,24.65
12199,31,24.65
12200,31,24.65
12201,31,24.65
12202,31,24.65
12203,31,24.65
12204,31,24.65
12205,31,24.65
12206,31,24.65
12207,31,24.65
12208,31,24.65
12209,31,24.65
12210,31,24.65
12211,31,24.65
12212,31,24.65
12213,31,24.65
12214,31,24.65
12215,31,24.65
12216,31,24.65
12217,31,24.65
12218,31,24.65
12219,31,24.65
12220,31,24.65
12221,31,24.65
12222,31,24.65
12223,31,24.65
12224,31,24.65
12225,31,24.65
12226,31,24.65
12227,31,24.65
12228,31,24.65
12229,31,24.65
12230,31,24.65
12231,31,24.65
12232,31,24.65
12233,31,24.65
12234,31,24.65
12235,31,24.65
12236,31,24.65
12237,31,24.65
12238,31,24.65
12239,31,24.65
12240,31,24.65
12241,31,24.65
12242,31,24.65
12243,31,24.65
12244,31,24.65
12245,31,24.65
12246,31,24.65
12247,31,24.65
12248,31,24.65
12249,31,24.65
12250,31,24.65
12251,31,24.65
12252,31,24.65
12253,31,24.65
12254,31,24.65
12255,31,24.65
12256,31,24.65
12257,31,24.65
12258,31,24.65
12259,31,24.65
12260,31,24.65
12261,31,24.65
12262,31,24.65
12263,31,24.65
12264,31,24.65
12265,31,24.65
12266,31,24.65
12267,31,24.65
12268,31,24.65
12269,31,24.65
12270,31,24.65
12271,31,24.65
12272,31,24.65
12273,31,24.65
12274,31,24.65
12275,31,24.65
12276,31,24.65
12277,31,24.65
12278,31,24.65
12279,31,24.65
12280,31,24.65
12281,31,24.65
12282,31,24.65
12283,31,24.65
12284,31,24.65
12285,31,24.65
12286,31,24.65
12287,31,24.65
12288,31,24.65
12289,31,24.65
12290,31,24.65
12291,31,24.65
12292,31,24.65
12293,31,24.65
12294,31,24.65
12295,31,24.65
12296,31,24.65
12297,31,24.65
12298,31,24.65
12299,31,24.65
12300,31,24.65
12301,31,24.65
12302,31,24.65
12303,31,24.65
12304,31,24.65
12305,31,24.65
12306,31,24.65
12307,31,24.65
12308,31,24.65
12309,31,24.65
12310,31,24.65
12311,31,24.65
12312,31,24.65
12313,31,24.65
12314,31,24.65
12315,31,24.65
12316,31,24.65
12317,31,24.65
12318,31,24.65
12319,31,24.65
12320,31,24.65
12321,31,24.65
12322,31,24.65
12323,31,24.65
12324,31,24.65
12325,31,24.65
12326,31,24.65
12327,31,24.65
12328,31,24.65
12329,31,24.65
12330,31,24.65
12331,31,24.65
12332,31,24.65
12333,31,24.65
12334,31,24.65
12335,31,24.65
12336,31,24.65
12337,31,24.65
12338,31,24.65
12339,31,24.65
12340,31,24.65
12341,31,24.65
12342,31,24.65
12343,31,24.65
12344,31,24.65
12345,31,24.65
12346,31,24.65
12347,31,24.65
12348,31,24.65
12349,31,24.65
12350,31,24.65
12351,31,24.65
12352,31,24.65
12353,31,24.65
12354,31,24.65
12355,31,24.65
12356,31,24.65
12357,31,24.65
12358,31,24.65
12359,31,24.65
12360,31,24.65
12361,31,24.65
12362,31,24.65
12363,31,24.65
12364,31,24.65
12365,31,24.65
12366,31,24.65
12367,31,24.65
12368,31,24.65
12369,31,24.65
12370,31,24.65
12371,31,24.65
12372,31,24.65
12373,31,24.65
12374,31,24.65
12375,31,24.65
12376,31,24.65
12377,31,24.65
12378,31,24.65
12379,31,24.65
12380,31,24.65
12381,31,24.65
12382,31,24.65
12383,31,24.65
12384,31,24.65
12385,31,24.65
12386,31,24.65
12387,31,24.65
12388,31,24.65
12389,31,24.65
12390,31,24.65
12391,31,24.65
12392,31,24.65
12393,31,24.65
12394,31,24.65
12395,31,24.65
12396,31,24.65
12397,31,24.65
12398,31,24.65
12399,31,24.65
12400,31,24.65
12401,31,24.65
12402,31,24.65
12403,31,24.65
12404,31,24.65
12405,31,24.65
12406,31,24.65
12407,31,24.65
12408,31,24.65
12409,31,24.65
12410,31,24.65
12411,31,24.65
12412,31,24.65
12413,31,24.65
12414,31,24.65
12415,31,24.65
12416,31,24.65
12417,31,24.65
12418,31,24.65
12419,31,24.65
12420,31,24.65
12421,31,24.65
12422,31,24.65
12423,31,24.65
12424,31,24.65
12425,31,24.65
12426,31,24.65
12427,31,24.65
12428,31,24.65
12429,31,24.65
12430,31,24.65
12431,31,24.65
12432,31,24.65
12433,31,24.65
12434,31,24.65
12435,31,24.65
12436,31,24.65
12437,31,24.65
12438,31,24.65
12439,31,24.65
12440,31,24.65
12441,31,24.65
12442,31,24.65
12443,31,24.65
12444,31,24.65
12445,31,24.65
12446,31,24.65
12447,31,24.65
12448,31,24.65
12449,31,24.65
12450,31,24.65
12451,31,24.65
12452,31,24.65
12453,31,24.65
12454,31,24.65
12455,31,24.65
12456,31,24.65
12457,31,24.65
12458,31,24.65
12459,31,24.65
12460,31,24.65
12461,31,24.65
12462,31,24.65
12463,31,24.65
12464,31,24.65
12465,31,24.65
12466,31,24.65
12467,31,24.65
12468,31,24.65
12469,31,24.65
12470,31,24.65
12471,31,24.65
12472,31,24.65
12473,31,24.65
12474,31,24.65
12475,31,24.65
12476,31,24.65
12477,31,24.65
12478,31,24.65
12479,31,24.65
12480,31,24.65
12481,31,24.65
12482,31,24.65
12483,31,24.65
12484,31,24.65
12485,31,24.65
12486,31,24.65
12487,31,24.65
12488,31,24.65
12489,31,24.65
12490,31,24.65
12491,31,24.65
12492,31,24.65
12493,31,24.65
12494,31,24.65
12495,31,24.65
12496,31,24.65
12497,31,24.65
12498,31,24.65
12499,31,24.65
12500,31,24.65
12501,31,24.65
12502,31,24.65
12503,31,24.65
12504,31,24.65
12505,31,24.65
12506,31,24.65
12507,31,24.65
12508,31,24.65
12509,31,24.65
12510,31,24.65
12511,31,24.65
12512,31,24.65
12513,31,24.65
12514,31,24.65
12515,31,24.65
12516,31,24.65
12517,31,24.65
12518,31,24.65
12519,31,24.65
12520,31,24.65
12521,31,24.65
12522,31,24.65
12523,31,24.65
12524,31,24.65
12525,31,24.65
12526,31,24.65
12527,31,24.65
12528,31,24.65
12529,32,24.71
12530,32,24.71
12531,32,24.71
12532,32,24.71
12533,32,24.71
12534,32,24.71
12535,32,24.71
12536,32,24.71
12537,32,24.71
12538,32,24.71
12539,32,24.71
12540,32,24.71
12541,32,24.71
12542,32,24.71
12543,32,24.71
12544,32,24.71
12545,32,24.71
12546,32,24.71
12547,32,24.71
12548,32,24.71
12549,32,24.71
12550,32,24.71
12551,32,24.71
12552,32,24.71
12553,32,24.71
12554,32,24.71
12555,32,24.71
12556,32,24.71
12557,32,24.71
12558,32,24.71
12559,32,24.71
12560,32,24.71
12561,32,24.71
12562,32,24.71
12563,32,24.71
12564,32,24.71
12565,32,24.71
12566,32,24.71
12567,32,24.71
12568,32,24.71
12569,32,24.71
12570,32,24.71
12571,32,24.71
12572,32,24.71
12573,32,24.71
12574,32,24.71
12575,32,24.71
12576,32,24.71
12577,32,24.71
12578,32,24.71
12579,32,24.71
12580,32,24.71
12581,32,24.71
12582,32,24.71
12583,32,24.71
12584,32,24.71
12585,32,24.71
12586,32,24.71
12587,32,24.71
12588,32,24.71
12589,32,24.71
12590,32,24.71
12591,32,24.71
12592,32,24.71
12593,32,24.71
12594,32,24.71
12595,32,24.71
12596,32,24.71
12597,32,24.71
12598,32,24.71
12599,32,24.71
12600,32,24.71
12601,32,24.71
12602,32,24.71
12603,32,24.71
12604,32,24.71
12605,32,24.71
12606,32,24.71
12607,32,24.71
12608,32,24.71
12609,32,24.71
12610,32,24.71
12611,32,24.71
12612,32,24.71
12613,32,24.71
12614,32,24.71
12615,32,24.71
12616,32,24.71
12617,32,24.71
12618,32,24.71
12619,32,24.71
12620,32,24.71
12621,32,24.71
12622,32,24.71
12623,32,24.71
12624,32,24.71
12625,32,24.71
12626,32,24.71
12627,32,24.71
12628,32,24.71
12629,32,24.71
12630,32,24.71
12631,32,24.71
12632,32,24.71
12633,32,24.71
12634,32,24.71
12635,32,24.71
12636,32,24.71
12637,32,24.71
12638,32,24.71
12639,32,24.71
12640,32,24.71
12641,32,24.71
12642,32,24.71
12643,32,24.71
12644,32,24.71
12645,32,24.71
12646,32,24.71
12647,32,24.71
12648,32,24.71
12649,32,24.71
12650,32,24.71
12651,32,24.71
12652,32,24.71
12653,32,24.71
12654,32,24.71
12655,32,24.71
12656,32,24.71
12657,32,24.71
12658,32,24.71
12659,32,24.71
12660,32,24.71
12661,32,24.71
12662,32,24.71
12663,32,24.71
12664,32,24.71
12665,32,24.71
12666,32,24.71
12667,32,24.71
12668,32,24.71
12669,32,24.71
12670,32,24.71
12671,32,24.71
12672,32,24.71
12673,32,24.71
12674,32,24.71
12675,32,24.71
12676,32,24.71
12677,32,24.71
12678,32,24.71
12679,32,24.71
12680,32,24.71
12681,32,24.71
12682,32,24.71
12683,32,24.71
12684,32,24.71
12685,32,24.71
12686,32,24.71
12687,32,24.71
12688,32,24.71
12689,32,24.71
12690,32,24.71
12691,32,24.71
12692,32,24.71
12693,32,24.71
12694,32,24.71
12695,32,24.71
12696,32,24.71
12697,32,24.71
12698,32,24.71
12699,32,24.71
12700,32,24.71
12701,32,24.71
12702,32,24.71
12703,32,24.71
12704,32,24.71
12705,32,24.71
12706,32,24.71
12707,32,24.71
12708,32,24.71
12709,32,24.71
12710,32,24.71
12711,32,24.71
12712,32,24.71
12713,32,24.71
12714,32,24.71
12715,32,24.71
12716,32,24.71
12717,32,24.71
12718,32,24.71
12719,32,24.71
12720,32,24.71
12721,32,24.71
12722,32,24.71
12723,32,24.71
12724,32,24.71
12725,32,24.71
12726,32,24.71
12727,32,24.71
12728,32,24.71
12729,32,24.71
12730,32,24.71
12731,32,24.71
12732,32,24.71
12733,32,24.71
12734,32,24.71
12735,32,24.71
12736,32,24.71
12737,32,24.71
12738,32,24.71
12739,32,24.71
12740,32,24.71
12741,32,24.71
12742,32,24.71
12743,32,24.71
12744,32,24.71
12745,32,24.71
12746,32,24.71
12747,32,24.71
12748,32,24.71
12749,32,24.71
12750,32,24.71
12751,32,24.71
12752,32,24.71
12753,32,24.71
12754,32,24.71
12755,32,24.71
12756,32,24.71
12757,32,24.71
12758,32,24.71
12759,32,24.71
12760,32,24.71
12761,32,24.71
12762,32,24.71
12763,32,24.71
12764,32,24.71
12765,32,24.71
12766,32,24.71
12767,32,24.71
12768,32,24.71
12769,32,24.71
12770,32,24.71
12771,32,24.71
12772,32,24.71
12773,32,24.71
12774,32,24.71
12775,32,24.71
12776,32,24.71
12777,32,24.71
12778,32,24.71
12779,32,24.71
12780,32,24.71
12781,32,24.71
12782,32,24.71
12783,32,24.71
12784,32,24.71
12785,32,24.71
12786,32,24.71
12787,32,24.71
12788,32,24.71
12789,32,24.71
12790,32,24.71
12791,32,24.71
12792,32,24.71
12793,32,24.71
12794,32,24.71
12795,32,24.71
12796,32,24.71
12797,32,24.71
12798,32,24.71
12799,32,24.71
12800,32,24.71
12801,32,24.71
12802,32,24.71
12803,32,24.71
12804,32,24.71
12805,32,24.71
12806,32,24.71
12807,32,24.71
12808,32,24.71
12809,32,24.71
12810,32,24.71
12811,32,24.71
12812,32,24.71
12813,32,24.71
12814,32,24.71
12815,32,24.71
12816,32,24.71
12817,32,24.71
12818,32,24.71
12819,32,24.71
12820,32,24.71
12821,32,24.71
12822,32,24.71
12823,32,24.71
12824,32,24.71
12825,32,24.71
12826,32,24.71
12827,32,24.71
12828,32,24.71
12829,32,24.71
12830,32,24.71
12831,32,24.71
12832,32,24.71
12833,32,24.71
12834,32,24.71
12835,32,24.71
12836,32,24.71
12837,32,24.71
12838,32,24.71
12839,32,24.71
12840,32,24.71
12841,32,24.71
12842,32,24.71
12843,32,24.71
12844,32,24.71
12845,32,24.71
12846,33,24.77
12847,33,24.77
12848,33,24.77
12849,33,24.77
12850,33,24.77
12851,33,24.77
12852,33,24.77
12853,33,24.77
12854,33,24.77
12855,33,24.77
12856,33,24.77
12857,33,24.77
12858,33,24.77
12859,33,24.77
12860,33,24.77
12861,33,24.77
12862,33,24.77
12863,33,24.77
12864,33,24.77
12865,33,24.77
12866,33,24.77
12867,33,24.77
12868,33,24.77
12869,33,24.77
12870,33,24.77
12871,33,24.77
12872,33,24.77
12873,33,24.77
12874,33,24.77
12875,33,24.77
12876,33,24.77
12877,33,24.77
12878,33,24.77
12879,33,24.77
12880,33,24.77
12881,33,24.77
12882,33,24.77
12883,33,24.77
12884,33,24.77
12885,33,24.77
12886,33,24.77
12887,33,24.77
12888,33,24.77
12889,33,24.77
12890,33,24.77
12891,33,24.77
12892,33,24.77
12893,33,24.77
12894,33,24.77
12895,33,24.77
12896,33,24.77
12897,33,24.77
12898,33,24.77
12899,33,24.77
12900,33,24.77
12901,33,24.77
12902,33,24.77
12903,33,24.77
12904,33,24.77
12905,33,24.77
12906,33,24.77
12907,33,24.77
12908,33,24.77
12909,33,24.77
12910,33,24.77
12911,33,24.77
12912,33,24.77
12913,33,24.77
12914,33,24.77
12915,33,24.77
12916,33,24.77
12917,33,24.77
12918,33,24.77
12919,33,24.77
12920,33,24.77
12921,33,24.77
12922,33,24.77
12923,33,24.77
12924,33,24.77
12925,33,24.77
12926,33,24.77
12927,33,24.77
12928,33,24.77
12929,33,24.77
12930,33,24.77
12931,33,24.77
12932,33,24.77
12933,33,24.77
12934,33,24.77
12935,33,24.77
12936,33,24.77
12937,33,24.77
12938,33,24.77
12939,33,24.77
12940,33,24.77
12941,33,24.77
12942,33,24.77
12943,33,24.77
12944,33,24.77
12945,33,24.77
12946,33,24.77
12947,33,24.77
12948,33,24.77
12949,33,24.77
12950,33,24.77
12951,33,24.77
12952,33,24.77
12953,33,24.77
12954,33,24.77
12955,33,24.77
12956,33,24.77
12957,33,24.77
12958,33,24.77
12959,33,24.77
12960,33,24.77
12961,33,24.77
12962,33,24.77
12963,33,24.77
12964,33,24.77
12965,33,24.77
12966,33,24.77
12967,33,24.77
12968,33,24.77
12969,33,24.77
12970,33,24.77
12971,33,24.77
12972,33,24.77
12973,33,24.77
12974,33,24.77
12975,33,24.77
12976,33,24.77
12977,33,24.77
12978,33,24.77
12979,33,24.77
12980,33,24.77
12981,33,24.77
12982,33,24.77
12983,33,24.77
12984,33,24.77
12985,33,24.77
12986,33,24.77
12987,33,24.77
12988,33,24.77
12989,33,24.77
12990,33,24.77
12991,33,24.77
12992,33,24.77
12993,33,24.77
12994,33,24.77
12995,33,24.77
12996,33,24.77
12997,33,24.77
12998,33,24.77
12999,33,24.77
13000,33,24.77
13001,33,24.77
13002,33,24.77
13003,33,24.77
13004,33,24.77
13005,33,24.77
13006,33,24.77
13007,33,24.77
13008,33,24.77
13009,33,24.77
13010,33,24.77
13011,33,24.77
13012,33,24.77
13013,33,24.77
13014,33,24.77
13015,33,24.77
13016,33,24.77
13017,33,24.77
13018,33,24.77
13019,33,24.77
13020,33,24.77
13021,33,24.77
13022,33,24.77
13023,33,24.77
13024,33,24.77
13025,33,24.77
13026,33,24.77
13027,33,24.77
13028,33,24.77
13029,33,24.77
13030,33,24.77
13031,33,24.77
13032,33,24.77
13033,33,24.77
13034,33,24.77
13035,33,24.77
13036,33,24.77
13037,33,24.77
13038,33,24.77
13039,33,24.77
13040,33,24.77
13041,33,24.77
13042,33,24.77
13043,33,24.77
13044,33,24.77
13045,33,24.77
13046,33,24.77
13047,33,24.77
13048,33,24.77
13049,33,24.77
13050,33,24.77
13051,33,24.77
13052,33,24.77
13053,33,24.77
13054,33,24.77
13055,33,24.77
13056,33,24.77
13057,33,24.77
13058,33,24.77
13059,33,24.77
13060,33,24.77
13061,33,24.77
13062,33,24.77
13063,33,24.77
13064,33,24.77
13065,33,24.77
13066,33,24.77
13067,33,24.77
13068,33,24.77
13069,33,24.77
13070,33,24.77
13071,33,24.77
13072,33,24.77
13073,33,24.77
13074,33,24.77
13075,33,24.77
13076,33,24.77
13077,33,24.77
13078,33,24.77
13079,33,24.77
13080,33,24.77
13081,33,24.77
13082,33,24.77
13083,33,24.77
13084,33,24.77
13085,33,24.77
13086,33,24.77
13087,33,24.77
13088,33,24.77
13089,33,24.77
13090,33,24.77
13091,33,24.77
13092,33,24.77
13093,33,24.77
13094,33,24.77
13095,33,24.77
13096,33,24.77
13097,33,24.77
13098,33,24.77
13099,33,24.77
13100,33,24.77
13101,33,24.77
13102,33,24.77
13103,33,24.77
13104,33,24.77
13105,33,24.77
13106,33,24.77
13107,33,24.77
13108,33,24.77
13109,33,24.77
13110,33,24.77
13111,33,24.77
13112,33,24.77
13113,33,24.77
13114,33,24.77
13115,33,24.77
13116,33,24.77
13117,33,24.77
13118,33,24.77
13119,33,24.77
13120,33,24.77
13121,33,24.77
13122,33,24.77
13123,33,24.77
13124,33,24.77
13125,33,24.77
13126,33,24.77
13127,33,24.77
13128,33,24.77
13129,33,24.77
13130,33,24.77
13131,33,24.77
13132,33,24.77
13133,33,24.77
13134,33,24.77
13135,33,24.77
13136,33,24.77
13137,33,24.77
13138,33,24.77
13139,33,24.77
13140,33,24.77
13141,33,24.77
13142,33,24.77
13143,33,24.77
13144,33,24.77
13145,33,24.77
13146,33,24.77
13147,33,24.77
13148,33,24.77
13149,33,24.77
13150,33,24.77
13151,33,24.77
13152,33,24.77
13153,33,24.77
13154,33,24.77
13155,33,24.77
13156,33,24.77
13157,33,24.77
13158,33,24.77
13159,33,24.77
13160,33,24.77
13161,33,24.77
13162,33,24.77
13163,33,24.77
13164,33,24.77
13165,33,24.77
13166,33,24.77
13167,33,24.77
13168,33,24.77
13169,33,24.77
13170,33,24.77
13171,33,24.77
13172,33,24.77
13173,33,24.77
13174,33,24.77
13175,33,24.77
13176,33,24.77
13177,33,24.77
13178,33,24.77
13179,33,24.77
13180,33,24.77
13181,33,24.77
13182,33,24.77
13183,33,24.77
13184,33,24.77
13185,33,24.77
13186,33,24.77
13187,33,24.77
13188,33,24.77
13189,33,24.77
13190,33,24.77
13191,33,24.77
13192,33,24.77
13193,33,24.77
13194,33,24.77
13195,33,24.77
13196,33,24.77
13197,33,24.77
13198,33,24.77
13199,33,24.77
13200,33,24.77
13201,33,24.77
13202,33,24.77
13203,33,24.77
13204,33,24.77
13205,33,24.77
13206,33,24.77
13207,33,24.77
13208,33,24.77
13209,33,24.77
13210,33,24.77
13211,33,24.77
13212,33,24.77
13213,33,24.77
13214,33,24.77
13215,33,24.77
13216,34,24.82
13217,34,24.82
13218,34,24.82
13219,34,24.82
13220,34,24.82
13221,34,24.82
13222,34,24.82
13223,34,24.82
13224,34,24.82
13225,34,24.82
13226,34,24.82
13227,34,24.82
13228,34,24.82
13229,34,24.82
13230,34,24.82
13231,34,24.82
13232,34,24.82
13233,34,24.82
13234,34,24.82
13235,34,24.82
13236,34,24.82
13237,34,24.82
13238,34,24.82
13239,34,24.82
13240,34,24.82
13241,34,24.82
13242,34,24.82
13243,34,24.82
13244,34,24.82
13245,34,24.82
13246,34,24.82
13247,34,24.82
13248,34,24.82
13249,34,24.82
13250,34,24.82
13251,34,24.82
13252,34,24.82
13253,34,24.82
13254,34,24.82
13255,34,24.82
13256,34,24.82
13257,34,24.82
13258,34,24.82
13259,34,24.82
13260,34,24.82
13261,34,24.82
13262,34,24.82
13263,34,24.82
13264,34,24.82
13265,34,24.82
13266,34,24.82
13267,34,24.82
13268,34,24.82
13269,34,24.82
13270,34,24.82
13271,34,24.82
13272,34,24.82
13273,34,24.82
13274,34,24.82
13275,34,24.82
13276,34,24.82
13277,34,24.82
13278,34,24.82
13279,34,24.82
13280,34,24.82
13281,34,24.82
13282,34,24.82
13283,34,24.82
13284,34,24.82
13285,34,24.82
13286,34,24.82
13287,34,24.82
13288,34,24.82
13289,34,24.82
13290,34,24.82
13291,34,24.82
13292,34,24.82
13293,34,24.82
13294,34,24.82
13295,34,24.82
13296,34,24.82
13297,34,24.82
13298,34,24.82
13299,34,24.82
13300,34,24.82
13301,34,24.82
13302,34,24.82
13303,34,24.82
13304,34,24.82
13305,34,24.82
13306,34,24.82
13307,34,24.82
13308,34,24.82
13309,34,24.82
13310,34,24.82
13311,34,24.82
13312,34,24.82
13313,34,24.82
13314,34,24.82
13315,34,24.82
13316,34,24.82
13317,34,24.82
13318,34,24.82
13319,34,24.82
13320,34,24.82
13321,34,24.82
13322,34,24.82
13323,34,24.82
13324,34,24.82
13325,34,24.82
13326,34,24.82
13327,34,24.82
13328,34,24.82
13329,34,24.82
13330,34,24.82
13331,34,24.82
13332,34,24.82
13333,34,24.82
13334,34,24.82
13335,34,24.82
13336,34,24.82
13337,34,24.82
13338,34,24.82
13339,34,24.82
13340,34,24.82
13341,34,24.82
13342,34,24.82
13343,34,24.82
13344,34,24.82
13345,34,24.82
13346,34,24.82
13347,34,24.82
13348,34,24.82
13349,34,24.82
13350,34,24.82
13351,34,24.82
13352,34,24.82
13353,34,24.82
13354,34,24.82
13355,34,24.82
13356,34,24.82
13357,34,24.82
13358,34,24.82
13359,34,24.82
13360,34,24.82
13361,34,24.82
13362,34,24.82
13363,34,24.82
13364,34,24.82
13365,34,24.82
13366,34,24.82
13367,34,24.82
13368,34,24.82
13369,34,24.82
13370,34,24.82
13371,34,24.82
13372,34,24.82
13373,34,24.82
13374,34,24.82
13375,34,24.82
13376,34,24.82
13377,34,24.82
13378,34,24.82
13379,34,24.82
13380,34,24.82
13381,34,24.82
13382,34,24.82
13383,34,24.82
13384,34,24.82
13385,34,24.82
13386,34,24.82
13387,34,24.82
13388,34,24.82
13389,34,24.82
13390,34,24.82
13391,34,24.82
13392,34,24.82
13393,34,24.82
13394,34,24.82
13395,34,24.82
13396,34,24.82
13397,34,24.82
13398,34,24.82
13399,34,24.82
13400,34,24.82
13401,34,24.82
13402,34,24.82
13403,34,24.82
13404,34,24.82
13405,34,24.82
13406,34,24.82
13407,34,24.82
13408,34,24.82
13409,34,24.82
13410,34,24.82
13411,34,24.82
13412,34,24.82
13413,34,24.82
13414,34,24.82
13415,34,24.82
13416,34,24.82
13417,34,24.82
13418,34,24.82
13419,34,24.82
13420,34,24.82
13421,34,24.82
13422,34,24.82
13423,34,24.82
13424,34,24.82
13425,34,24.82
13426,34,24.82
13427,34,24.82
13428,34,24.82
13429,34,24.82
13430,34,24.82
13431,34,24.82
13432,34,24.82
13433,34,24.82
13434,34,24.82
13435,34,24.82
13436,34,24.82
13437,34,24.82
13438,34,24.82
13439,34,24.82
13440,34,24.82
13441,34,24.82
13442,34,24.82
13443,34,24.82
13444,34,24.82
13445,34,24.82
13446,34,24.82
13447,34,24.82
13448,34,24.82
13449,34,24.82
13450,34,24.82
13451,34,24.82
13452,34,24.82
13453,34,24.82
13454,34,24.82
13455,34,24.82
13456,34,24.82
13457,34,24.82
13458,34,24.82
13459,34,24.82
13460,34,24.82
13461,34,24.82
13462,34,24.82
13463,34,24.82
13464,34,24.82
13465,34,24.82
13466,34,24.82
13467,34,24.82
13468,34,24.82
13469,34,24.82
13470,34,24.82
13471,34,24.82
13472,34,24.82
13473,34,24.82
13474,34,24.82
13475,34,24.82
13476,34,24.82
13477,34,24.82
13478,34,24.82
13479,34,24.82
13480,34,24.82
13481,34,24.82
13482,34,24.82
13483,34,24.82
13484,34,24.82
13485,34,24.82
13486,34,24.82
13487,34,24.82
13488,34,24.82
13489,34,24.82
13490,34,24.82
13491,34,24.82
13492,34,24.82
13493,34,24.82
13494,34,24.82
13495,34,24.82
13496,34,24.82
13497,34,24.82
13498,34,24.82
13499,34,24.82
13500,34,24.82
13501,34,24.82
13502,34,24.82
13503,34,24.82
13504,34,24.82
13505,34,24.82
13506,34,24.82
13507,34,24.82
13508,34,24.82
13509,34,24.82
13510,34,24.82
13511,34,24.82
13512,34,24.82
13513,34,24.82
13514,34,24.82
13515,34,24.82
13516,34,24.82
13517,34,24.82
13518,34,24.82
13519,34,24.82
13520,34,24.82
13521,34,24.82
13522,34,24.82
13523,34,24.82
13524,34,24.82
13525,34,24.82
13526,34,24.82
13527,34,24.82
13528,34,24.82
13529,34,24.82
13530,34,24.82
13531,34,24.82
13532,34,24.82
13533,34,24.82
13534,34,24.82
13535,34,24.82
13536,34,24.82
13537,34,24.82
13538,34,24.82
13539,34,24.82
13540,34,24.82
13541,34,24.82
13542,34,24.82
13543,34,24.82
13544,34,24.82
13545,34,24.82
13546,34,24.82
13547,34,24.82
13548,34,24.82
13549,34,24.82
13550,34,24.82
13551,34,24.82
13552,34,24.82
13553,34,24.82
13554,34,24.82
13555,35,24.93
13556,35,24.93
13557,35,24.93
13558,35,24.93
13559,35,24.93
13560,35,24.93
13561,35,24.93
13562,35,24.93
13563,35,24.93
13564,35,24.93
13565,35,24.93
13566,35,24.93
13567,35,24.93
13568,35,24.93
13569,35,24.93
13570,35,24.93
13571,35,24.93
13572,35,24.93
13573,35,24.93
13574,35,24.93
13575,35,24.93
13576,35,24.93
13577,35,24.93
13578,35,24.93
13579,35,24.93
13580,35,24.93
13581,35,24.93
13582,35,24.93
13583,35,24.93
13584,35,24.93
13585,35,24.93
13586,35,24.93
13587,35,24.93
13588,35,24.93
13589,35,24.93
13590,35,24.93
13591,35,24.93
13592,35,24.93
13593,35,24.93
13594,35,24.93
13595,35,24.93
13596,35,24.93
13597,35,24.93
13598,35,24.93
13599,35,24.93
13600,35,24.93
13601,35,24.93
13602,35,24.93
13603,35,24.93
13604,35,24.93
13605,35,24.93
13606,35,24.93
13607,35,24.93
13608,35,24.93
13609,35,24.93
13610,35,24.93
13611,35,24.93
13612,35,24.93
13613,35,24.93
13614,35,24.93
13615,35,24.93
13616,35,24.93
13617,35,24.93
13618,35,24.93
13619,35,24.93
13620,35,24.93
13621,35,24.93
13622,35,24.93
13623,35,24.93
13624,35,24.93
13625,35,24.93
13626,35,24.93
13627,35,24.93
13628,35,24.93
13629,35,24.93
13630,35,24.93
13631,35,24.93
13632,35,24.93
13633,35,24.93
13634,35,24.93
13635,35,24.93
13636,35,24.93
13637,35,24.93
13638,35,24.93
13639,35,24.93
13640,35,24.93
13641,35,24.93
13642,35,24.93
13643,35,24.93
13644,35,24.93
13645,35,24.93
13646,35,24.93
13647,35,24.93
13648,35,24.93
13649,35,24.93
13650,35,24.93
13651,35,24.93
13652,35,24.93
13653,35,24.93
13654,35,24.93
13655,35,24.93
13656,35,24.93
13657,35,24.93
13658,35,24.93
13659,35,24.93
13660,35,24.93
13661,35,24.93
13662,35,24.93
13663,35,24.93
13664,35,24.93
13665,35,24.93
13666,35,24.93
13667,35,24.93
13668,35,24.93
13669,35,24.93
13670,35,24.93
13671,35,24.93
13672,35,24.93
13673,35,24.93
13674,35,24.93
13675,35,24.93
13676,35,24.93
13677,35,24.93
13678,35,24.93
13679,35,24.93
13680,35,24.93
13681,35,24.93
13682,35,24.93
13683,35,24.93
13684,35,24.93
13685,35,24.93
13686,35,24.93
13687,35,24.93
13688,35,24.93
13689,35,24.93
13690,35,24.93
13691,35,24.93
13692,35,24.93
13693,35,24.93
13694,35,24.93
13695,35,24.93
13696,35,24.93
13697,35,24.93
13698,35,24.93
13699,35,24.93
13700,35,24.93
13701,35,24.93
13702,35,24.93
13703,35,24.93
13704,35,24.93
13705,35,24.93
13706,35,24.93
13707,35,24.93
13708,35,24.93
13709,35,24.93
13710,35,24.93
13711,35,24.93
13712,35,24.93
13713,35,24.93
13714,35,24.93
13715,35,24.93
13716,35,24.93
13717,35,24.93
13718,35,24.93
13719,35,24.93
13720,35,24.93
13721,35,24.93
13722,35,24.93
13723,35,24.93
13724,35,24.93
13725,35,24.93
13726,35,24.93
13727,35,24.93
13728,35,24.93
13729,35,24.93
13730,35,24.93
13731,35,24.93
13732,35,24.93
13733,35,24.93
13734,35,24.93
13735,35,24.93
13736,35,24.93
13737,35,24.93
13738,35,24.93
13739,35,24.93
13740,35,24.93
13741,35,24.93
13742,35,24.93
13743,35,24.93
13744,35,24.93
13745,35,24.93
13746,35,24.93
13747,35,24.93
13748,35,24.93
13749,35,24.93
13750,35,24.93
13751,35,24.93
13752,35,24.93
13753,35,24.93
13754,35,24.93
13755,35,24.93
13756,35,24.93
13757,35,24.93
13758,35,24.93
13759,35,24.93
13760,35,24.93
13761,35,24.93
13762,35,24.93
13763,35,24.93
13764,35,24.93
13765,35,24.93
13766,35,24.93
13767,35,24.93
13768,35,24.93
13769,35,24.93
13770,35,24.93
13771,35,24.93
13772,35,24.93
13773,35,24.93
13774,35,24.93
13775,35,24.93
13776,35,24.93
13777,35,24.93
13778,35,24.93
13779,35,24.93
13780,35,24.93
13781,35,24.93
13782,35,24.93
13783,35,24.93
13784,35,24.93
13785,35,24.93
13786,35,24.93
13787,35,24.93
13788,35,24.93
13789,35,24.93
13790,35,24.93
13791,35,24.93
13792,35,24.93
13793,35,24.93
13794,35,24.93
13795,35,24.93
13796,35,24.93
13797,35,24.93
13798,35,24.93
13799,35,24.93
13800,35,24.93
13801,35,24.93
13802,35,24.93
13803,35,24.93
13804,35,24.93
13805,35,24.93
13806,35,24.93
13807,35,24.93
13808,35,24.93
13809,35,24.93
13810,35,24.93
13811,35,24.93
13812,35,24.93
13813,35,24.93
13814,35,24.93
13815,35,24.93
13816,35,24.93
13817,35,24.93
13818,35,24.93
13819,35,24.93
13820,35,24.93
13821,35,24.93
13822,35,24.93
13823,35,24.93
13824,35,24.93
13825,35,24.93
13826,35,24.93
13827,35,24.93
13828,35,24.93
13829,35,24.93
13830,35,24.93
13831,35,24.93
13832,35,24.93
13833,35,24.93
13834,35,24.93
13835,35,24.93
13836,35,24.93
13837,35,24.93
13838,35,24.93
13839,35,24.93
13840,35,24.93
13841,35,24.93
13842,35,24.93
13843,35,24.93
13844,35,24.93
13845,35,24.93
13846,35,24.93
13847,35,24.93
13848,35,24.93
13849,35,24.93
13850,35,24.93
13851,35,24.93
13852,35,24.93
13853,35,24.93
13854,35,24.93
13855,35,24.93
13856,35,24.93
13857,35,24.93
13858,35,24.93
13859,36,24.95
13860,36,24.95
13861,36,24.95
13862,36,24.95
13863,36,24.95
13864,36,24.95
13865,36,24.95
13866,36,24.95
13867,36,24.95
13868,36,24.95
13869,36,24.95
13870,36,24.95
13871,36,24.95
13872,36,24.95
13873,36,24.95
13874,36,24.95
13875,36,24.95
13876,36,24.95
13877,36,24.95
13878,36,24.95
13879,36,24.95
13880,36,24.95
13881,36,24.95
13882,36,24.95
13883,36,24.95
13884,36,24.95
13885,36,24.95
13886,36,24.95
13887,36,24.95
13888,36,24.95
13889,36,24.95
13890,36,24.95
13891,36,24.95
13892,36,24.95
13893,36,24.95
13894,36,24.95
13895,36,24.95
13896,36,24.95
13897,36,24.95
13898,36,24.95
13899,36,24.95
13900,36,24.95
13901,36,24.95
13902,36,24.95
13903,36,24.95
13904,36,24.95
13905,36,24.95
13906,36,24.95
13907,36,24.95
13908,36,24.95
13909,36,24.95
13910,36,24.95
13911,36,24.95
13912,36,24.95
13913,36,24.95
13914,36,24.95
13915,36,24.95
13916,36,24.95
13917,36,24.95
13918,36,24.95
13919,36,24.95
13920,36,24.95
13921,36,24.95
13922,36,24.95
13923,36,24.95
13924,36,24.95
13925,36,24.95
13926,36,24.95
13927,36,24.95
13928,36,24.95
13929,36,24.95
13930,36,24.95
13931,36,24.95
13932,36,24.95
13933,36,24.95
13934,36,24.95
13935,36,24.95
13936,36,24.95
13937,36,24.95
13938,36,24.95
13939,36,24.95
13940,36,24.95
13941,36,24.95
13942,36,24.95
13943,36,24.95
13944,36,24.95
13945,36,24.95
13946,36,24.95
13947,36,24.95
13948,36,24.95
13949,36,24.95
13950,36,24.95
13951,36,24.95
13952,36,24.95
13953,36,24.95
13954,36,24.95
13955,36,24.95
13956,36,24.95
13957,36,24.95
13958,36,24.95
13959,36,24.95
13960,36,24.95
13961,36,24.95
13962,36,24.95
13963,36,24.95
13964,36,24.95
13965,36,24.95
13966,36,24.95
13967,36,24.95
13968,36,24.95
13969,36,24.95
13970,36,24.95
13971,36,24.95
13972,36,24.95
13973,36,24.95
13974,36,24.95
13975,36,24.95
13976,36,24.95
13977,36,24.95
13978,36,24.95
13979,36,24.95
13980,36,24.95
13981,36,24.95
13982,36,24.95
13983,36,24.95
13984,36,24.95
13985,36,24.95
13986,36,24.95
13987,36,24.95
13988,36,24.95
13989,36,24.95
13990,36,24.95
13991,36,24.95
13992,36,24.95
13993,36,24.95
13994,36,24.95
13995,36,24.95
13996,36,24.95
13997,36,24.95
13998,36,24.95
13999,36,24.95
14000,36,24.95
14001,36,24.95
14002,36,24.95
14003,36,24.95
14004,36,24.95
14005,36,24.95
14006,36,24.95
14007,36,24.95
14008,36,24.95
14009,36,24.95
14010,36,24.95
14011,36,24.95
14012,36,24.95
14013,36,24.95
14014,36,24.95
14015,36,24.95
14016,36,24.95
14017,36,24.95
14018,36,24.95
14019,36,24.95
14020,36,24.95
14021,36,24.95
14022,36,24.95
14023,36,24.95
14024,36,24.95
14025,36,24.95
14026,36,24.95
14027,36,24.95
14028,36,24.95
14029,36,24.95
14030,36,24.95
14031,36,24.95
14032,36,24.95
14033,36,24.95
14034,36,24.95
14035,36,24.95
14036,36,24.95
14037,36,24.95
14038,36,24.95
14039,36,24.95
14040,36,24.95
14041,36,24.95
14042,36,24.95
14043,36,24.95
14044,36,24.95
14045,36,24.95
14046,36,24.95
14047,36,24.95
14048,36,24.95
14049,36,24.95
14050,36,24.95
14051,36,24.95
14052,36,24.95
14053,36,24.95
14054,36,24.95
14055,36,24.95
14056,36,24.95
14057,36,24.95
14058,36,24.95
14059,36,24.95
14060,36,24.95
14061,36,24.95
14062,36,24.95
14063,36,24.95
14064,36,24.95
14065,36,24.95
14066,36,24.95
14067,36,24.95
14068,36,24.95
14069,36,24.95
14070,36,24.95
14071,36,24.95
14072,36,24.95
14073,36,24.95
14074,36,24.95
14075,36,24.95
14076,36,24.95
14077,36,24.95
14078,36,24.95
14079,36,24.95
14080,36,24.95
14081,36,24.95
14082,36,24.95
14083,36,24.95
14084,36,24.95
14085,36,24.95
14086,36,24.95
14087,36,24.95
14088,36,24.95
14089,36,24.95
14090,36,24.95
14091,36,24.95
14092,36,24.95
14093,36,24.95
14094,36,24.95
14095,36,24.95
14096,36,24.95
14097,36,24.95
14098,36,24.95
14099,36,24.95
14100,36,24.95
14101,36,24.95
14102,36,24.95
14103,36,24.95
14104,36,24.95
14105,36,24.95
14106,36,24.95
14107,36,24.95
14108,36,24.95
14109,36,24.95
14110,36,24.95
14111,36,24.95
14112,36,24.95
14113,36,24.95
14114,36,24.95
14115,36,24.95
14116,36,24.95
14117,36,24.95
14118,36,24.95
14119,36,24.95
14120,36,24.95
14121,36,24.95
14122,36,24.95
14123,36,24.95
14124,36,24.95
14125,36,24.95
14126,36,24.95
14127,36,24.95
14128,36,24.95
14129,36,24.95
14130,36,24.95
14131,36,24.95
14132,36,24.95
14133,36,24.95
14134,36,24.95
14135,36,24.95
14136,36,24.95
14137,36,24.95
14138,36,24.95
14139,36,24.95
14140,36,24.95
14141,36,24.95
14142,36,24.95
14143,36,24.95
14144,36,24.95
14145,36,24.95
14146,36,24.95
14147,36,24.95
14148,36,24.95
14149,36,24.95
14150,36,24.95
14151,36,24.95
14152,36,24.95
14153,36,24.95
14154,36,24.95
14155,36,24.95
14156,36,24.95
14157,36,24.95
14158,36,24.95
14159,36,24.95
14160,36,24.95
14161,36,24.95
14162,36,24.95
14163,36,24.95
14164,36,24.95
14165,36,24.95
14166,36,24.95
14167,36,24.95
14168,36,24.95
14169,36,24.95
14170,36,24.95
14171,36,24.95
14172,36,24.95
14173,36,24.95
14174,37,24.96
14175,37,24.96
14176,37,24.96
14177,37,24.96
14178,37,24.96
14179,37,24.96
14180,37,24.96
14181,37,24.96
14182,37,24.96
14183,37,24.96
14184,37,24.96
14185,37,24.96
14186,37,24.96
14187,37,24.96
14188,37,24.96
14189,37,24.96
14190,37,24.96
14191,37,24.96
14192,37,24.96
14193,37,24.96
14194,37,24.96
14195,37,24.96
14196,37,24.96
14197,37,24.96
14198,37,24.96
14199,37,24.96
14200,37,24.96
14201,37,24.96
14202,37,24.96
14203,37,24.96
14204,37,24.96
14205,37,24.96
14206,37,24.96
14207,37,24.96
14208,37,24.96
14209,37,24.96
14210,37,24.96
14211,37,24.96
14212,37,24.96
14213,37,24.96
14214,37,24.96
14215,37,24.96
14216,37,24.96
14217,37,24.96
14218,37,24.96
14219,37,24.96
14220,37,24.96
14221,37,24.96
14222,37,24.96
14223,37,24.96
14224,37,24.96
14225,37,24.96
14226,37,24.96
14227,37,24.96
14228,37,24.96
14229,37,24.96
14230,37,24.96
14231,37,24.96
14232,37,24.96
14233,37,24.96
14234,37,24.96
14235,37,24.96
14236,37,24.96
14237,37,24.96
14238,37,24.96
14239,37,24.96
14240,37,24.96
14241,37,24.96
14242,37,24.96
14243,37,24.96
14244,37,24.96
14245,37,24.96
14246,37,24.96
14247,37,24.96
14248,37,24.96
14249,37,24.96
14250,37,24.96
14251,37,24.96
14252,37,24.96
14253,37,24.96
14254,37,24.96
14255,37,24.96
14256,37,24.96
14257,37,24.96
14258,37,24.96
14259,37,24.96
14260,37,24.96
14261,37,24.96
14262,37,24.96
14263,37,24.96
14264,37,24.96
14265,37,24.96
14266,37,24.96
14267,37,24.96
14268,37,24.96
14269,37,24.96
14270,37,24.96
14271,37,24.96
14272,37,24.96
14273,37,24.96
14274,37,24.96
14275,37,24.96
14276,37,24.96
14277,37,24.96
14278,37,24.96
14279,37,24.96
14280,37,24.96
14281,37,24.96
14282,37,24.96
14283,37,24.96
14284,37,24.96
14285,37,24.96
14286,37,24.96
14287,37,24.96
14288,37,24.96
14289,37,24.96
14290,37,24.96
14291,37,24.96
14292,37,24.96
14293,37,24.96
14294,37,24.96
14295,37,24.96
14296,37,24.96
14297,37,24.96
14298,37,24.96
14299,37,24.96
14300,37,24.96
14301,37,24.96
14302,37,24.96
14303,37,24.96
14304,37,24.96
14305,37,24.96
14306,37,24.96
14307,37,24.96
14308,37,24.96
14309,37,24.96
14310,37,24.96
14311,37,24.96
14312,37,24.96
14313,37,24.96
14314,37,24.96
14315,37,24.96
14316,37,24.96
14317,37,24.96
14318,37,24.96
14319,37,24.96
14320,37,24.96
14321,37,24.96
14322,37,24.96
14323,37,24.96
14324,37,24.96
14325,37,24.96
14326,37,24.96
14327,37,24.96
14328,37,24.96
14329,37,24.96
14330,37,24.96
14331,37,24.96
14332,37,24.96
14333,37,24.96
14334,37,24.96
14335,37,24.96
14336,37,24.96
14337,37,24.96
14338,37,24.96
14339,37,24.96
14340,37,24.96
14341,37,24.96
14342,37,24.96
14343,37,24.96
14344,37,24.96
14345,37,24.96
14346,37,24.96
14347,37,24.96
14348,37,24.96
14349,37,24.96
14350,37,24.96
14351,37,24.96
14352,37,24.96
14353,37,24.96
14354,37,24.96
14355,37,24.96
14356,37,24.96
14357,37,24.96
14358,37,24.96
14359,37,24.96
14360,37,24.96
14361,37,24.96
14362,37,24.96
14363,37,24.96
14364,37,24.96
14365,37,24.96
14366,37,24.96
14367,37,24.96
14368,37,24.96
14369,37,24.96
14370,37,24.96
14371,37,24.96
14372,37,24.96
14373,37,24.96
14374,37,24.96
14375,37,24.96
14376,37,24.96
14377,37,24.96
14378,37,24.96
14379,37,24.96
14380,37,24.96
14381,37,24.96
14382,37,24.96
14383,37,24.96
14384,37,24.96
14385,37,24.96
14386,37,24.96
14387,37,24.96
14388,37,24.96
14389,37,24.96
14390,37,24.96
14391,37,24.96
14392,37,24.96
14393,37,24.96
14394,37,24.96
14395,37,24.96
14396,37,24.96
14397,37,24.96
14398,37,24.96
14399,37,24.96
14400,37,24.96
14401,37,24.96
14402,37,24.96
14403,37,24.96
14404,37,24.96
14405,37,24.96
14406,37,24.96
14407,37,24.96
14408,37,24.96
14409,37,24.96
14410,37,24.96
14411,37,24.96
14412,37,24.96
14413,37,24.96
14414,37,24.96
14415,37,24.96
14416,37,24.96
14417,37,24.96
14418,37,24.96
14419,37,24.96
14420,37,24.96
14421,37,24.96
14422,37,24.96
14423,37,24.96
14424,37,24.96
14425,37,24.96
14426,37,24.96
14427,37,24.96
14428,37,24.96
14429,37,24.96
14430,37,24.96
14431,37,24.96
14432,37,24.96
14433,37,24.96
14434,37,24.96
14435,37,24.96
14436,37,24.96
14437,37,24.96
14438,37,24.96
14439,37,24.96
14440,37,24.96
14441,37,24.96
14442,37,24.96
14443,37,24.96
14444,37,24.96
14445,37,24.96
14446,37,24.96
14447,37,24.96
14448,37,24.96
14449,37,24.96
14450,37,24.96
14451,37,24.96
14452,37,24.96
14453,37,24.96
14454,37,24.96
14455,37,24.96
14456,37,24.96
14457,37,24.96
14458,37,24.96
14459,37,24.96
14460,37,24.96
14461,37,24.96
14462,37,24.96
14463,37,24.96
14464,37,24.96
14465,37,24.96
14466,37,24.96
14467,37,24.96
14468,37,24.96
14469,37,24.96
14470,37,24.96
14471,37,24.96
14472,37,24.96
14473,37,24.96
14474,37,24.96
14475,37,24.96
14476,37,24.96
14477,37,24.96
14478,37,24.96
14479,37,24.96
14480,37,24.96
14481,37,24.96
14482,37,24.96
14483,37,24.96
14484,37,24.96
14485,37,24.96
14486,37,24.96
14487,37,24.96
14488,37,24.96
14489,37,24.96
14490,37,24.96
14491,37,24.96
14492,37,24.96
14493,37,24.96
14494,37,24.96
14495,37,24.96
14496,37,24.96
14497,37,24.96
14498,37,24.96
14499,37,24.96
14500,37,24.96
14501,37,24.96
14502,37,24.96
14503,37,24.96
14504,37,24.96
14505,37,24.96
14506,37,24.96
14507,37,24.96
14508,37,24.96
14509,38,24.97
14510,38,24.97
14511,38,24.97
14512,38,24.97
14513,38,24.97
14514,38,24.97
14515,38,24.97
14516,38,24.97
14517,38,24.97
14518,38,24.97
14519,38,24.97
14520,38,24.97
14521,38,24.97
14522,38,24.97
14523,38,24.97
14524,38,24.97
14525,38,24.97
14526,38,24.97
14527,38,24.97
14528,38,24.97
14529,38,24.97
14530,38,24.97
14531,38,24.97
14532,38,24.97
14533,38,24.97
14534,38,24.97
14535,38,24.97
14536,38,24.97
14537,38,24.97
14538,38,24.97
14539,38,24.97
14540,38,24.97
14541,38,24.97
14542,38,24.97
14543,38,24.97
14544,38,24.97
14545,38,24.97
14546,38,24.97
14547,38,24.97
14548,38,24.97
14549,38,24.97
14550,38,24.97
14551,38,24.97
14552,38,24.97
14553,38,24.97
14554,38,24.97
14555,38,24.97
14556,38,24.97
14557,38,24.97
14558,38,24.97
14559,38,24.97
14560,38,24.97
14561,38,24.97
14562,38,24.97
14563,38,24.97
14564,38,24.97
14565,38,24.97
14566,38,24.97
14567,38,24.97
14568,38,24.97
14569,38,24.97
14570,38,24.97
14571,38,24.97
14572,38,24.97
14573,38,24.97
14574,38,24.97
14575,38,24.97
14576,38,24.97
14577,38,24.97
14578,38,24.97
14579,38,24.97
14580,38,24.97
14581,38,24.97
14582,38,24.97
14583,38,24.97
14584,38,24.97
14585,38,24.97
14586,38,24.97
14587,38,24.97
14588,38,24.97
14589,38,24.97
14590,38,24.97
14591,38,24.97
14592,38,24.97
14593,38,24.97
14594,38,24.97
14595,38,24.97
14596,38,24.97
14597,38,24.97
14598,38,24.97
14599,38,24.97
14600,38,24.97
14601,38,24.97
14602,38,24.97
14603,38,24.97
14604,38,24.97
14605,38,24.97
14606,38,24.97
14607,38,24.97
14608,38,24.97
14609,38,24.97
14610,38,24.97
14611,38,24.97
14612,38,24.97
14613,38,24.97
14614,38,24.97
14615,38,24.97
14616,38,24.97
14617,38,24.97
14618,38,24.97
14619,38,24.97
14620,38,24.97
14621,38,24.97
14622,38,24.97
14623,38,24.97
14624,38,24.97
14625,38,24.97
14626,38,24.97
14627,38,24.97
14628,38,24.97
14629,38,24.97
14630,38,24.97
14631,38,24.97
14632,38,24.97
14633,38,24.97
14634,38,24.97
14635,38,24.97
14636,38,24.97
14637,38,24.97
14638,38,24.97
14639,38,24.97
14640,38,24.97
14641,38,24.97
14642,38,24.97
14643,38,24.97
14644,38,24.97
14645,38,24.97
14646,38,24.97
14647,38,24.97
14648,38,24.97
14649,38,24.97
14650,38,24.97
14651,38,24.97
14652,38,24.97
14653,38,24.97
14654,38,24.97
14655,38,24.97
14656,38,24.97
14657,38,24.97
14658,38,24.97
14659,38,24.97
14660,38,24.97
14661,38,24.97
14662,38,24.97
14663,38,24.97
14664,38,24.97
14665,38,24.97
14666,38,24.97
14667,38,24.97
14668,38,24.97
14669,38,24.97
14670,38,24.97
14671,38,24.97
14672,38,24.97
14673,38,24.97
14674,38,24.97
14675,38,24.97
14676,38,24.97
14677,38,24.97
14678,38,24.97
14679,38,24.97
14680,38,24.97
14681,38,24.97
14682,38,24.97
14683,38,24.97
14684,38,24.97
14685,38,24.97
14686,38,24.97
14687,38,24.97
14688,38,24.97
14689,38,24.97
14690,38,24.97
14691,38,24.97
14692,38,24.97
14693,38,24.97
14694,38,24.97
14695,38,24.97
14696,38,24.97
14697,38,24.97
14698,38,24.97
14699,38,24.97
14700,38,24.97
14701,38,24.97
14702,38,24.97
14703,38,24.97
14704,38,24.97
14705,38,24.97
14706,38,24.97
14707,38,24.97
14708,38,24.97
14709,38,24.97
14710,38,24.97
14711,38,24.97
14712,38,24.97
14713,38,24.97
14714,38,24.97
14715,38,24.97
14716,38,24.97
14717,38,24.97
14718,38,24.97
14719,38,24.97
14720,38,24.97
14721,38,24.97
14722,38,24.97
14723,38,24.97
14724,38,24.97
14725,38,24.97
14726,38,24.97
14727,38,24.97
14728,38,24.97
14729,38,24.97
14730,38,24.97
14731,38,24.97
14732,38,24.97
14733,38,24.97
14734,38,24.97
14735,38,24.97
14736,38,24.97
14737,38,24.97
14738,38,24.97
14739,38,24.97
14740,38,24.97
14741,38,24.97
14742,38,24.97
14743,38,24.97
14744,38,24.97
14745,38,24.97
14746,38,24.97
14747,38,24.97
14748,38,24.97
14749,38,24.97
14750,38,24.97
14751,38,24.97
14752,38,24.97
14753,38,24.97
14754,38,24.97
14755,38,24.97
14756,38,24.97
14757,38,24.97
14758,38,24.97
14759,38,24.97
14760,38,24.97
14761,38,24.97
14762,38,24.97
14763,38,24.97
14764,38,24.97
14765,38,24.97
14766,38,24.97
14767,38,24.97
14768,38,24.97
14769,38,24.97
14770,38,24.97
14771,38,24.97
14772,38,24.97
14773,38,24.97
14774,38,24.97
14775,38,24.97
14776,38,24.97
14777,38,24.97
14778,38,24.97
14779,38,24.97
14780,38,24.97
14781,38,24.97
14782,38,24.97
14783,38,24.97
14784,38,24.97
14785,38,24.97
14786,38,24.97
14787,38,24.97
14788,38,24.97
14789,38,24.97
14790,38,24.97
14791,38,24.97
14792,38,24.97
14793,38,24.97
14794,38,24.97
14795,38,24.97
14796,38,24.97
14797,38,24.97
14798,38,24.97
14799,38,24.97
14800,38,24.97
14801,38,24.97
14802,38,24.97
14803,38,24.97
14804,38,24.97
14805,38,24.97
14806,38,24.97
14807,38,24.97
14808,38,24.97
14809,38,24.97
14810,38,24.97
14811,38,24.97
14812,38,24.97
14813,38,24.97
14814,38,24.97
14815,38,24.97
14816,38,24.97
14817,38,24.97
14818,38,24.97
14819,38,24.97
14820,38,24.97
14821,38,24.97
14822,38,24.97
14823,38,24.97
14824,38,24.97
14825,38,24.97
14826,38,24.97
14827,38,24.97
14828,38,24.97
14829,38,24.97
14830,38,24.97
14831,38,24.97
14832,38,24.97
14833,38,24.97
14834,38,24.97
14835,38,24.97
14836,38,24.97
14837,38,24.97
14838,38,24.97
14839,38,24.97
14840,38,24.97
14841,38,24.97
14842,38,24.97
14843,38,24.97
14844,38,24.97
14845,38,24.97
14846,38,24.97
14847,38,24.97
14848,38,24.97
14849,38,24.97
14850,38,24.97
14851,38,24.97
14852,38,24.97
14853,38,24.97
14854,38,24.97
14855,38,24.97
14856,38,24.97
14857,38,24.97
14858,38,24.97
14859,38,24.97
14860,38,24.97
14861,38,24.97
14862,38,24.97
14863,38,24.97
14864,38,24.97
14865,38,24.97
14866,38,24.97
14867,38,24.97
14868,38,24.97
14869,38,24.97
14870,38,24.97
14871,38,24.97
14872,38,24.97
14873,38,24.97
14874,38,24.97
14875,38,24.97
14876,38,24.97
14877,38,24.97
14878,38,24.97
14879,38,24.97
14880,38,24.97
14881,38,24.97
14882,38,24.97
14883,38,24.97
14884,38,24.97
14885,38,24.97
14886,38,24.97
14887,38,24.97
14888,38,24.97
14889,38,24.97
14890,38,24.97
14891,38,24.97
14892,38,24.97
14893,38,24.97
14894,38,24.97
14895,38,24.97
14896,38,24.97
14897,38,24.97
14898,38,24.97
14899,38,24.97
14900,38,24.97
14901,38,24.97
14902,38,24.97
14903,38,24.97
14904,38,24.97
14905,38,24.97
14906,38,24.97
14907,38,24.97
14908,38,24.97
14909,38,24.97
14910,38,24.97
14911,38,24.97
14912,38,24.97
14913,38,24.97
14914,38,24.97
14915,38,24.97
14916,38,24.97
14917,38,24.97
14918,38,24.97
14919,38,24.97
14920,38,24.97
14921,38,24.97
14922,38,24.97
14923,38,24.97
14924,38,24.97
14925,38,24.97
14926,38,24.97
14927,38,24.97
14928,38,24.97
14929,38,24.97
14930,38,24.97
14931,38,24.97
14932,38,24.97
14933,38,24.97
14934,38,24.97
14935,38,24.97
14936,38,24.97
14937,38,24.97
14938,38,24.97
14939,38,24.97
14940,38,24.97
14941,38,24.97
14942,38,24.97
14943,38,24.97
14944,39,24.99
14945,39,24.99
14946,39,24.99
14947,39,24.99
14948,39,24.99
14949,39,24.99
14950,39,24.99
14951,39,24.99
14952,39,24.99
14953,39,24.99
14954,39,24.99
14955,39,24.99
14956,39,24.99
14957,39,24.99
14958,39,24.99
14959,39,24.99
14960,39,24.99
14961,39,24.99
14962,39,24.99
14963,39,24.99
14964,39,24.99
14965,39,24.99
14966,39,24.99
14967,39,24.99
14968,39,24.99
14969,39,24.99
14970,39,24.99
14971,39,24.99
14972,39,24.99
14973,39,24.99
14974,39,24.99
14975,39,24.99
14976,39,24.99
14977,39,24.99
14978,39,24.99
14979,39,24.99
14980,39,24.99
14981,39,24.99
14982,39,24.99
14983,39,24.99
14984,39,24.99
14985,39,24.99
14986,39,24.99
14987,39,24.99
14988,39,24.99
14989,39,24.99
14990,39,24.99
14991,39,24.99
14992,39,24.99
14993,39,24.99
14994,39,24.99
14995,39,24.99
14996,39,24.99
14997,39,24.99
14998,39,24.99
14999,39,24.99
15000,39,24.99
15001,39,24.99
15002,39,24.99
15003,39,24.99
15004,39,24.99
15005,39,24.99
15006,39,24.99
15007,39,24.99
15008,39,24.99
15009,39,24.99
15010,39,24.99
15011,39,24.99
15012,39,24.99
15013,39,24.99
15014,39,24.99
15015,39,24.99
15016,39,24.99
15017,39,24.99
15018,39,24.99
15019,39,24.99
15020,39,24.99
15021,39,24.99
15022,39,24.99
15023,39,24.99
15024,39,24.99
15025,39,24.99
15026,39,24.99
15027,39,24.99
15028,39,24.99
15029,39,24.99
15030,39,24.99
15031,39,24.99
15032,39,24.99
15033,39,24.99
15034,39,24.99
15035,39,24.99
15036,39,24.99
15037,39,24.99
15038,39,24.99
15039,39,24.99
15040,39,24.99
15041,39,24.99
15042,39,24.99
15043,39,24.99
15044,39,24.99
15045,39,24.99
15046,39,24.99
15047,39,24.99
15048,39,24.99
15049,39,24.99
15050,39,24.99
15051,39,24.99
15052,39,24.99
15053,39,24.99
15054,39,24.99
15055,39,24.99
15056,39,24.99
15057,39,24.99
15058,39,24.99
15059,39,24.99
15060,39,24.99
15061,39,24.99
15062,39,24.99
15063,39,24.99
15064,39,24.99
15065,39,24.99
15066,39,24.99
15067,39,24.99
15068,39,24.99
15069,39,24.99
15070,39,24.99
15071,39,24.99
15072,39,24.99
15073,39,24.99
15074,39,24.99
15075,39,24.99
15076,39,24.99
15077,39,24.99
15078,39,24.99
15079,39,24.99
15080,39,24.99
15081,39,24.99
15082,39,24.99
15083,39,24.99
15084,39,24.99
15085,39,24.99
15086,39,24.99
15087,39,24.99
15088,39,24.99
15089,39,24.99
15090,39,24.99
15091,39,24.99
15092,39,24.99
15093,39,24.99
15094,39,24.99
15095,39,24.99
15096,39,24.99
15097,39,24.99
15098,39,24.99
15099,39,24.99
15100,39,24.99
15101,39,24.99
15102,39,24.99
15103,39,24.99
15104,39,24.99
15105,39,24.99
15106,39,24.99
15107,39,24.99
15108,39,24.99
15109,39,24.99
15110,39,24.99
15111,39,24.99
15112,39,24.99
15113,39,24.99
15114,39,24.99
15115,39,24.99
15116,39,24.99
15117,39,24.99
15118,39,24.99
15119,39,24.99
15120,39,24.99
15121,39,24.99
15122,39,24.99
15123,39,24.99
15124,39,24.99
15125,39,24.99
15126,39,24.99
15127,39,24.99
15128,39,24.99
15129,39,24.99
15130,39,24.99
15131,39,24.99
15132,39,24.99
15133,39,24.99
15134,39,24.99
15135,39,24.99
15136,39,24.99
15137,39,24.99
15138,39,24.99
15139,39,24.99
15140,39,24.99
15141,39,24.99
15142,39,24.99
15143,39,24.99
15144,39,24.99
15145,39,24.99
15146,39,24.99
15147,39,24.99
15148,39,24.99
15149,39,24.99
15150,39,24.99
15151,39,24.99
15152,39,24.99
15153,39,24.99
15154,39,24.99
15155,39,24.99
15156,39,24.99
15157,39,24.99
15158,39,24.99
15159,39,24.99
15160,39,24.99
15161,39,24.99
15162,39,24.99
15163,39,24.99
15164,39,24.99
15165,39,24.99
15166,39,24.99
15167,39,24.99
15168,39,24.99
15169,39,24.99
15170,39,24.99
15171,39,24.99
15172,39,24.99
15173,39,24.99
15174,39,24.99
15175,39,24.99
15176,39,24.99
15177,39,24.99
15178,39,24.99
15179,39,24.99
15180,39,24.99
15181,39,24.99
15182,39,24.99
15183,39,24.99
15184,39,24.99
15185,39,24.99
15186,39,24.99
15187,39,24.99
15188,39,24.99
15189,39,24.99
15190,39,24.99
15191,39,24.99
15192,39,24.99
15193,39,24.99
15194,39,24.99
15195,39,24.99
15196,39,24.99
15197,39,24.99
15198,39,24.99
15199,39,24.99
15200,39,24.99
15201,39,24.99
15202,39,24.99
15203,39,24.99
15204,39,24.99
15205,39,24.99
15206,39,24.99
15207,39,24.99
15208,39,24.99
15209,39,24.99
15210,39,24.99
15211,39,24.99
15212,39,24.99
15213,39,24.99
15214,39,24.99
15215,39,24.99
15216,39,24.99
15217,39,24.99
15218,39,24.99
15219,39,24.99
15220,39,24.99
15221,39,24.99
15222,39,24.99
15223,39,24.99
15224,39,24.99
15225,39,24.99
15226,39,24.99
15227,39,24.99
15228,39,24.99
15229,39,24.99
15230,39,24.99
15231,39,24.99
15232,39,24.99
15233,39,24.99
15234,39,24.99
15235,39,24.99
15236,39,24.99
15237,39,24.99
15238,39,24.99
15239,39,24.99
15240,39,24.99
15241,39,24.99
15242,39,24.99
15243,39,24.99
15244,39,24.99
15245,39,24.99
15246,39,24.99
15247,39,24.99
15248,39,24.99
15249,39,24.99
15250,39,24.99
15251,39,24.99
15252,39,24.99
15253,39,24.99
15254,39,24.99
15255,39,24.99
15256,39,24.99
15257,39,24.99
15258,39,24.99
15259,39,24.99
15260,39,24.99
15261,39,24.99
15262,39,24.99
15263,39,24.99
15264,39,24.99
15265,39,24.99
15266,39,24.99
15267,39,24.99
15268,39,24.99
15269,39,24.99
15270,39,24.99
15271,39,24.99
15272,39,24.99
15273,39,24.99
15274,39,24.99
15275,39,24.99
15276,39,24.99
15277,39,24.99
15278,39,24.99
15279,39,24.99
15280,39,24.99
15281,39,24.99
15282,39,24.99
15283,39,24.99
15284,39,24.99
15285,39,24.99
15286,39,24.99
15287,39,24.99
15288,39,24.99
15289,39,24.99
15290,39,24.99
15291,39,24.99
15292,39,24.99
15293,39,24.99
15294,39,24.99
15295,39,24.99
15296,39,24.99
15297,39,24.99
15298,39,24.99
15299,39,24.99
15300,39,24.99
15301,39,24.99
15302,39,24.99
15303,39,24.99
15304,39,24.99
15305,39,24.99
15306,39,24.99
15307,39,24.99
15308,39,24.99
15309,39,24.99
15310,39,24.99
15311,39,24.99
15312,39,24.99
15313,39,24.99
15314,39,24.99
15315,39,24.99
15316,39,24.99
15317,40,25.0
15318,40,25.0
15319,40,25.0
15320,40,25.0
15321,40,25.0
15322,40,25.0
15323,40,25.0
15324,40,25.0
15325,40,25.0
15326,40,25.0
15327,40,25.0
15328,40,25.0
15329,40,25.0
15330,40,25.0
15331,40,25.0
15332,40,25.0
15333,40,25.0
15334,40,25.0
15335,40,25.0
15336,40,25.0
15337,40,25.0
15338,40,25.0
15339,40,25.0
15340,40,25.0
15341,40,25.0
15342,40,25.0
15343,40,25.0
15344,40,25.0
15345,40,25.0
15346,40,25.0
15347,40,25.0
15348,40,25.0
15349,40,25.0
15350,40,25.0
15351,40,25.0
15352,40,25.0
15353,40,25.0
15354,40,25.0
15355,40,25.0
15356,40,25.0
15357,40,25.0
15358,40,25.0
15359,40,25.0
15360,40,25.0
15361,40,25.0
15362,40,25.0
15363,40,25.0
15364,40,25.0
15365,40,25.0
15366,40,25.0
15367,40,25.0
15368,40,25.0
15369,40,25.0
15370,40,25.0
15371,40,25.0
15372,40,25.0
15373,40,25.0
15374,40,25.0
15375,40,25.0
15376,40,25.0
15377,40,25.0
15378,40,25.0
15379,40,25.0
15380,40,25.0
15381,40,25.0
15382,40,25.0
15383,40,25.0
15384,40,25.0
15385,40,25.0
15386,40,25.0
15387,40,25.0
15388,40,25.0
15389,40,25.0
15390,40,25.0
15391,40,25.0
15392,40,25.0
15393,40,25.0
15394,40,25.0
15395,40,25.0
15396,40,25.0
15397,40,25.0
15398,40,25.0
15399,40,25.0
15400,40,25.0
15401,40,25.0
15402,40,25.0
15403,40,25.0
15404,40,25.0
15405,40,25.0
15406,40,25.0
15407,40,25.0
15408,40,25.0
15409,40,25.0
15410,40,25.0
15411,40,25.0
15412,40,25.0
15413,40,25.0
15414,40,25.0
15415,40,25.0
15416,40,25.0
15417,40,25.0
15418,40,25.0
15419,40,25.0
15420,40,25.0
15421,40,25.0
15422,40,25.0
15423,40,25.0
15424,40,25.0
15425,40,25.0
15426,40,25.0
15427,40,25.0
15428,40,25.0
15429,40,25.0
15430,40,25.0
15431,40,25.0
15432,40,25.0
15433,40,25.0
15434,40,25.0
15435,40,25.0
15436,40,25.0
15437,40,25.0
15438,40,25.0
15439,40,25.0
15440,40,25.0
15441,40,25.0
15442,40,25.0
15443,40,25.0
15444,40,25.0
15445,40,25.0
15446,40,25.0
15447,40,25.0
15448,40,25.0
15449,40,25.0
15450,40,25.0
15451,40,25.0
15452,40,25.0
15453,40,25.0
15454,40,25.0
15455,40,25.0
15456,40,25.0
15457,40,25.0
15458,40,25.0
15459,40,25.0
15460,40,25.0
15461,40,25.0
15462,40,25.0
15463,40,25.0
15464,40,25.0
15465,40,25.0
15466,40,25.0
15467,40,25.0
15468,40,25.0
15469,40,25.0
15470,40,25.0
15471,40,25.0
15472,40,25.0
15473,40,25.0
15474,40,25.0
15475,40,25.0
15476,40,25.0
15477,40,25.0
15478,40,25.0
15479,40,25.0
15480,40,25.0
15481,40,25.0
15482,40,25.0
15483,40,25.0
15484,40,25.0
15485,40,25.0
15486,40,25.0
15487,40,25.0
15488,40,25.0
15489,40,25.0
15490,40,25.0
15491,40,25.0
15492,40,25.0
15493,40,25.0
15494,40,25.0
15495,40,25.0
15496,40,25.0
15497,40,25.0
15498,40,25.0
15499,40,25.0
15500,40,25.0
15501,40,25.0
15502,40,25.0
15503,40,25.0
15504,40,25.0
15505,40,25.0
15506,40,25.0
15507,40,25.0
15508,40,25.0
15509,40,25.0
15510,40,25.0
15511,40,25.0
15512,40,25.0
15513,40,25.0
15514,40,25.0
15515,40,25.0
15516,40,25.0
15517,40,25.0
15518,40,25.0
15519,40,25.0
15520,40,25.0
15521,40,25.0
15522,40,25.0
15523,40,25.0
15524,40,25.0
15525,40,25.0
15526,40,25.0
15527,40,25.0
15528,40,25.0
15529,40,25.0
15530,40,25.0
15531,40,25.0
15532,40,25.0
15533,40,25.0
15534,40,25.0
15535,40,25.0
15536,40,25.0
15537,40,25.0
15538,40,25.0
15539,40,25.0
15540,40,25.0
15541,40,25.0
15542,40,25.0
15543,40,25.0
15544,40,25.0
15545,40,25.0
15546,40,25.0
15547,40,25.0
15548,40,25.0
15549,40,25.0
15550,40,25.0
15551,40,25.0
15552,40,25.0
15553,40,25.0
15554,40,25.0
15555,40,25.0
15556,40,25.0
15557,40,25.0
15558,40,25.0
15559,40,25.0
15560,40,25.0
15561,40,25.0
15562,40,25.0
15563,40,25.0
15564,40,25.0
15565,40,25.0
15566,40,25.0
15567,40,25.0
15568,40,25.0
15569,40,25.0
15570,40,25.0
15571,40,25.0
15572,40,25.0
15573,40,25.0
15574,40,25.0
15575,40,25.0
15576,40,25.0
15577,40,25.0
15578,40,25.0
15579,40,25.0
15580,40,25.0
15581,40,25.0
15582,40,25.0
15583,40,25.0
15584,40,25.0
15585,40,25.0
15586,40,25.0
15587,40,25.0
15588,40,25.0
15589,40,25.0
15590,40,25.0
15591,40,25.0
15592,40,25.0
15593,40,25.0
15594,40,25.0
15595,40,25.0
15596,40,25.0
15597,40,25.0
15598,40,25.0
15599,40,25.0
15600,40,25.0
15601,40,25.0
15602,40,25.0
15603,40,25.0
15604,40,25.0
15605,40,25.0
15606,40,25.0
15607,40,25.0
15608,40,25.0
15609,40,25.0
15610,40,25.0
15611,40,25.0
15612,40,25.0
15613,40,25.0
15614,40,25.0
15615,40,25.0
15616,40,25.0
15617,40,25.0
15618,40,25.0
15619,40,25.0
15620,40,25.0
15621,40,25.0
15622,40,25.0
15623,40,25.0
15624,40,25.0
15625,40,25.0
15626,40,25.0
15627,40,25.0
15628,40,25.0
15629,40,25.0
15630,40,25.0
15631,40,25.0
15632,40,25.0
15633,40,25.0
15634,40,25.0
15635,40,25.0
15636,40,25.0
15637,40,25.0
15638,40,25.0
15639,40,25.0
15640,40,25.0
15641,40,25.0
15642,40,25.0
15643,40,25.0
15644,40,25.0
15645,40,25.0
15646,40,25.0
15647,40,25.0
15648,40,25.0
15649,40,25.0
15650,40,25.0
15651,40,25.0
15652,40,25.0
15653,40,25.0
15654,40,25.0
15655,40,25.0
15656,40,25.0
15657,40,25.0
15658,40,25.0
15659,40,25.0
15660,40,25.0
15661,40,25.0
15662,40,25.0
